<?xml version="1.0" encoding="UTF-8"?>
<Scenario xmlns="uri:/mil/tatrc/physiology/datamodel" xmlns:xsi="http://www.w3.org/2001/XMLSchema-instance" contentVersion="BioGears_6.3.0-beta" xsi:schemaLocation="">
    <Name>Desflurane</Name>
    <Description>Patient breathing in Desflurane</Description>
    <InitialParameters><PatientFile>StandardMale.xml</PatientFile></InitialParameters>
   
	<!-- Base system data required for all scenario verification -->
  <DataRequests>
  <DataRequest xsi:type="PatientDataRequestData"    Name="Weight"                            Unit="kg"           Precision="1"/>
  <DataRequest xsi:type="PhysiologyDataRequestData" Name="HeartRate"                         Unit="1/min"       Precision="2"/>
	<DataRequest xsi:type="PhysiologyDataRequestData" Name="HeartStrokeVolume"                 Unit="mL"          Precision="1"/>
	<DataRequest xsi:type="PhysiologyDataRequestData" Name="BloodVolume"                       Unit="L"          Precision="2"/>	
	<DataRequest xsi:type="PhysiologyDataRequestData" Name="ExtravascularFluidVolume"          Unit="L"          Precision="1"/>
	<DataRequest xsi:type="PhysiologyDataRequestData" Name="ArterialPressure"                  Unit="mmHg"        Precision="1"/>
	<DataRequest xsi:type="PhysiologyDataRequestData" Name="MeanArterialPressure"              Unit="mmHg"        Precision="1"/>
	<DataRequest xsi:type="PhysiologyDataRequestData" Name="SystolicArterialPressure"          Unit="mmHg"        Precision="0"/>
  <DataRequest xsi:type="PhysiologyDataRequestData" Name="DiastolicArterialPressure"         Unit="mmHg"        Precision="1"/>
	<DataRequest xsi:type="PhysiologyDataRequestData" Name="CardiacOutput"                     Unit="L/min"      Precision="2"/>
	<DataRequest xsi:type="PhysiologyDataRequestData" Name="HemoglobinContent"                 Unit="g"           Precision="0"/>
	<DataRequest xsi:type="PhysiologyDataRequestData" Name="CentralVenousPressure"             Unit="mmHg"        Precision="2"/>
	<DataRequest xsi:type="PhysiologyDataRequestData" Name="PulmonaryCapillariesWedgePressure" Unit="mmHg"        Precision="2"/>
  <DataRequest xsi:type="PhysiologyDataRequestData" Name="RespirationRate"                   Unit="1/min"       Precision="2"/>
  <DataRequest xsi:type="PhysiologyDataRequestData" Name="OxygenSaturation"                  Unit="unitless"    Precision="3"/>
	<DataRequest xsi:type="PhysiologyDataRequestData" Name="CarbonDioxideSaturation"           Unit="unitless"    Precision="3"/>
  <DataRequest xsi:type="PhysiologyDataRequestData" Name="TidalVolume"                       Unit="mL"          Precision="0"/>
  <DataRequest xsi:type="PhysiologyDataRequestData" Name="TotalLungVolume"                   Unit="L"          Precision="2"/>
	<DataRequest xsi:type="PhysiologyDataRequestData" Name="EndTidalCarbonDioxideFraction"     Unit="unitless"    Precision="4"/>
	<DataRequest xsi:type="PhysiologyDataRequestData" Name="TotalAlveolarVentilation"          Unit="L/min"       Precision="2"/>
	<DataRequest xsi:type="PhysiologyDataRequestData" Name="TranspulmonaryPressure"            Unit="cmH2O"       Precision="2"/>
	<DataRequest xsi:type="PhysiologyDataRequestData" Name="RespiratoryExchangeRatio"          Unit="unitless"    Precision="3"/>
	<DataRequest xsi:type="PhysiologyDataRequestData" Name="CoreTemperature"                   Unit="degC"        Precision="1"/>
	<DataRequest xsi:type="PhysiologyDataRequestData" Name="SkinTemperature"                   Unit="degC"        Precision="1"/>
	<DataRequest xsi:type="PhysiologyDataRequestData" Name="GlomerularFiltrationRate"          Unit="mL/min"      Precision="0"/> 
	<DataRequest xsi:type="PhysiologyDataRequestData" Name="RenalBloodFlow"                    Unit="L/min"      Precision="2"/>
	<DataRequest xsi:type="PhysiologyDataRequestData" Name="UrineProductionRate"               Unit="mL/min"      Precision="3"/>
	<DataRequest xsi:type="PhysiologyDataRequestData" Name="LeftAfferentArterioleResistance"   Unit="mmHg min/mL" Precision="4"/>
	<DataRequest xsi:type="PhysiologyDataRequestData" Name="RightAfferentArterioleResistance"  Unit="mmHg min/mL" Precision="4"/>
	<DataRequest xsi:type="PhysiologyDataRequestData" Name="OxygenConsumptionRate"             Unit="mL/min"      Precision="3"/>
	<DataRequest xsi:type="PhysiologyDataRequestData" Name="CarbonDioxideProductionRate"       Unit="mL/min"      Precision="3"/>
	
    
	<DataRequest xsi:type="GasCompartmentDataRequestData" Compartment="LeftAlveoli"                            Name="Pressure"        Unit="cmH2O" Precision="0"/>
	<DataRequest xsi:type="GasCompartmentDataRequestData" Compartment="LeftAlveoli"  Substance="Oxygen"        Name="PartialPressure" Unit="mmHg"  Precision="0"/>
	<DataRequest xsi:type="GasCompartmentDataRequestData" Compartment="LeftAlveoli"  Substance="CarbonDioxide" Name="PartialPressure" Unit="mmHg"  Precision="1"/>
	<DataRequest xsi:type="GasCompartmentDataRequestData" Compartment="RightAlveoli"                           Name="Pressure"        Unit="cmH2O" Precision="0"/>
 	<DataRequest xsi:type="GasCompartmentDataRequestData" Compartment="RightAlveoli" Substance="Oxygen"        Name="PartialPressure" Unit="mmHg"  Precision="0"/>
	<DataRequest xsi:type="GasCompartmentDataRequestData" Compartment="RightAlveoli" Substance="CarbonDioxide" Name="PartialPressure" Unit="mmHg"  Precision="1"/>
	<DataRequest xsi:type="GasCompartmentDataRequestData" Compartment="Trachea"       Substance="Oxygen"        Name="PartialPressure" Unit="cmH2O" Precision="0"/>
	<DataRequest xsi:type="GasCompartmentDataRequestData" Compartment="Trachea"       Substance="CarbonDioxide" Name="PartialPressure" Unit="cmH2O" Precision="1"/>
	
	<DataRequest xsi:type="LiquidCompartmentDataRequestData" Compartment="Aorta"     Substance="Oxygen"        Name="PartialPressure" Unit="mmHg" Precision="1"/>
	<DataRequest xsi:type="LiquidCompartmentDataRequestData" Compartment="Aorta"     Substance="CarbonDioxide" Name="PartialPressure" Unit="mmHg" Precision="1"/>
	<DataRequest xsi:type="LiquidCompartmentDataRequestData" Compartment="VenaCava"  Substance="Oxygen"        Name="PartialPressure" Unit="mmHg" Precision="1"/>
	<DataRequest xsi:type="LiquidCompartmentDataRequestData" Compartment="VenaCava"  Substance="CarbonDioxide" Name="PartialPressure" Unit="mmHg" Precision="1"/>
	
	<DataRequest xsi:type="LiquidCompartmentDataRequestData" Compartment="RightTubules" Substance="Sodium"        Name="Concentration" Unit="g/L" Precision="2"/>
	<DataRequest xsi:type="LiquidCompartmentDataRequestData" Compartment="LeftTubules"  Substance="Sodium"        Name="Concentration" Unit="g/L" Precision="2"/>
	
	<DataRequest xsi:type="SubstanceDataRequestData"  Substance="Oxygen"         Name="AlveolarTransfer" Unit="mL/s" Precision="2"/>
	<DataRequest xsi:type="SubstanceDataRequestData"  Substance="CarbonDioxide"  Name="AlveolarTransfer" Unit="mL/s" Precision="2"/>
	
	<DataRequest Substance="Epinephrine" Name="BloodConcentration" xsi:type="SubstanceDataRequestData" Unit="ug/L" Precision="6"/>
	  <DataRequest xsi:type="PhysiologyDataRequestData" Name="LiverGlycogen" Unit="g" Precision="2"/>
  <DataRequest xsi:type="PhysiologyDataRequestData" Name="MuscleGlycogen" Unit="g" Precision="2"/>

	<!-- Anything action specific data needed for verification of this scenario -->
	<DataRequest xsi:type="PhysiologyDataRequestData" Name="NeuromuscularBlockLevel" Precision="2"/>
	<DataRequest xsi:type="PhysiologyDataRequestData" Name="SedationLevel" Precision="2"/>  
  <DataRequest xsi:type="PhysiologyDataRequestData" Name="PupillaryResponse-SizeModifier" Precision="3"/>
  <DataRequest xsi:type="PhysiologyDataRequestData" Name="PupillaryResponse-ReactivityModifier" Precision="3"/>
  <DataRequest xsi:type="PhysiologyDataRequestData" Name="SystemicVascularResistance"       Unit="mmHg s/mL"      Precision="2"/>
  
	<DataRequest xsi:type="LiquidCompartmentDataRequestData" Compartment="Aorta"                  Substance="Desflurane" Name="Concentration" Unit="ug/L" Precision="4"/>
	<DataRequest xsi:type="LiquidCompartmentDataRequestData" Compartment="VenaCava"               Substance="Desflurane" Name="Concentration" Unit="ug/L" Precision="4"/> 
	
	<DataRequest xsi:type="LiquidCompartmentDataRequestData" Compartment="BoneVasculature"        Substance="Desflurane" Name="Concentration" Unit="ug/L" Precision="4"/>
	<DataRequest xsi:type="LiquidCompartmentDataRequestData" Compartment="BrainVasculature"       Substance="Desflurane" Name="Concentration" Unit="ug/L" Precision="4"/> 
	<DataRequest xsi:type="LiquidCompartmentDataRequestData" Compartment="FatVasculature"         Substance="Desflurane" Name="Concentration" Unit="ug/L" Precision="4"/> 
	<DataRequest xsi:type="LiquidCompartmentDataRequestData" Compartment="GutVasculature"         Substance="Desflurane" Name="Concentration" Unit="ug/L" Precision="4"/> 	
	<DataRequest xsi:type="LiquidCompartmentDataRequestData" Compartment="LeftKidneyVasculature"  Substance="Desflurane" Name="Concentration" Unit="ug/L" Precision="4"/> 		
	<DataRequest xsi:type="LiquidCompartmentDataRequestData" Compartment="LeftLungVasculature"    Substance="Desflurane" Name="Concentration" Unit="ug/L" Precision="4"/>
    <DataRequest xsi:type="LiquidCompartmentDataRequestData" Compartment="LiverVasculature"       Substance="Desflurane" Name="Concentration" Unit="ug/L" Precision="4"/>
	<DataRequest xsi:type="LiquidCompartmentDataRequestData" Compartment="MuscleVasculature"      Substance="Desflurane" Name="Concentration" Unit="ug/L" Precision="4"/> 
	<DataRequest xsi:type="LiquidCompartmentDataRequestData" Compartment="MyocardiumVasculature"  Substance="Desflurane" Name="Concentration" Unit="ug/L" Precision="4"/> 
	<DataRequest xsi:type="LiquidCompartmentDataRequestData" Compartment="RightKidneyVasculature" Substance="Desflurane" Name="Concentration" Unit="ug/L" Precision="4"/> 	
	<DataRequest xsi:type="LiquidCompartmentDataRequestData" Compartment="RightLungVasculature"   Substance="Desflurane" Name="Concentration" Unit="ug/L" Precision="4"/> 		
	<DataRequest xsi:type="LiquidCompartmentDataRequestData" Compartment="SkinVasculature"        Substance="Desflurane" Name="Concentration" Unit="ug/L" Precision="4"/>
    <DataRequest xsi:type="LiquidCompartmentDataRequestData" Compartment="SpleenVasculature"      Substance="Desflurane" Name="Concentration" Unit="ug/L" Precision="4"/>

	<DataRequest xsi:type="LiquidCompartmentDataRequestData" Compartment="BoneTissueExtracellular"        Substance="Desflurane" Name="Concentration" Unit="ug/L" Precision="4"/>
	<DataRequest xsi:type="LiquidCompartmentDataRequestData" Compartment="BrainTissueExtracellular"       Substance="Desflurane" Name="Concentration" Unit="ug/L" Precision="4"/> 	
	<DataRequest xsi:type="LiquidCompartmentDataRequestData" Compartment="FatTissueExtracellular"         Substance="Desflurane" Name="Concentration" Unit="ug/L" Precision="4"/> 		
	<DataRequest xsi:type="LiquidCompartmentDataRequestData" Compartment="GutTissueExtracellular"         Substance="Desflurane" Name="Concentration" Unit="ug/L" Precision="4"/> 	
	<DataRequest xsi:type="LiquidCompartmentDataRequestData" Compartment="LeftKidneyTissueExtracellular"  Substance="Desflurane" Name="Concentration" Unit="ug/L" Precision="4"/> 
	<DataRequest xsi:type="LiquidCompartmentDataRequestData" Compartment="LeftLungTissueExtracellular"    Substance="Desflurane" Name="Concentration" Unit="ug/L" Precision="4"/>
	<DataRequest xsi:type="LiquidCompartmentDataRequestData" Compartment="LiverTissueExtracellular"       Substance="Desflurane" Name="Concentration" Unit="ug/L" Precision="4"/> 	
	<DataRequest xsi:type="LiquidCompartmentDataRequestData" Compartment="MuscleTissueExtracellular"      Substance="Desflurane" Name="Concentration" Unit="ug/L" Precision="4"/> 		
	<DataRequest xsi:type="LiquidCompartmentDataRequestData" Compartment="MyocardiumTissueExtracellular"  Substance="Desflurane" Name="Concentration" Unit="ug/L" Precision="4"/> 	
	<DataRequest xsi:type="LiquidCompartmentDataRequestData" Compartment="RightKidneyTissueExtracellular" Substance="Desflurane" Name="Concentration" Unit="ug/L" Precision="4"/> 		
    <DataRequest xsi:type="LiquidCompartmentDataRequestData" Compartment="RightLungTissueExtracellular"   Substance="Desflurane" Name="Concentration" Unit="ug/L" Precision="4"/> 		
	<DataRequest xsi:type="LiquidCompartmentDataRequestData" Compartment="SkinTissueExtracellular"        Substance="Desflurane" Name="Concentration" Unit="ug/L" Precision="4"/> 	
	<DataRequest xsi:type="LiquidCompartmentDataRequestData" Compartment="SpleenTissueExtracellular"      Substance="Desflurane" Name="Concentration" Unit="ug/L" Precision="4"/> 

	<DataRequest xsi:type="LiquidCompartmentDataRequestData" Compartment="BoneTissueIntracellular"        Substance="Desflurane" Name="Concentration" Unit="ug/L" Precision="4"/>
	<DataRequest xsi:type="LiquidCompartmentDataRequestData" Compartment="BrainTissueIntracellular"       Substance="Desflurane" Name="Concentration" Unit="ug/L" Precision="4"/> 	
	<DataRequest xsi:type="LiquidCompartmentDataRequestData" Compartment="FatTissueIntracellular"         Substance="Desflurane" Name="Concentration" Unit="ug/L" Precision="4"/> 		
	<DataRequest xsi:type="LiquidCompartmentDataRequestData" Compartment="GutTissueIntracellular"         Substance="Desflurane" Name="Concentration" Unit="ug/L" Precision="4"/> 	
	<DataRequest xsi:type="LiquidCompartmentDataRequestData" Compartment="LeftKidneyTissueIntracellular"  Substance="Desflurane" Name="Concentration" Unit="ug/L" Precision="4"/> 
	<DataRequest xsi:type="LiquidCompartmentDataRequestData" Compartment="LeftLungTissueIntracellular"    Substance="Desflurane" Name="Concentration" Unit="ug/L" Precision="4"/>
	<DataRequest xsi:type="LiquidCompartmentDataRequestData" Compartment="LiverTissueIntracellular"       Substance="Desflurane" Name="Concentration" Unit="ug/L" Precision="4"/> 	
	<DataRequest xsi:type="LiquidCompartmentDataRequestData" Compartment="MuscleTissueIntracellular"      Substance="Desflurane" Name="Concentration" Unit="ug/L" Precision="4"/> 		
	<DataRequest xsi:type="LiquidCompartmentDataRequestData" Compartment="MyocardiumTissueIntracellular"  Substance="Desflurane" Name="Concentration" Unit="ug/L" Precision="4"/> 	
	<DataRequest xsi:type="LiquidCompartmentDataRequestData" Compartment="RightKidneyTissueIntracellular" Substance="Desflurane" Name="Concentration" Unit="ug/L" Precision="4"/> 		
    <DataRequest xsi:type="LiquidCompartmentDataRequestData" Compartment="RightLungTissueIntracellular"   Substance="Desflurane" Name="Concentration" Unit="ug/L" Precision="4"/> 		
	<DataRequest xsi:type="LiquidCompartmentDataRequestData" Compartment="SkinTissueIntracellular"        Substance="Desflurane" Name="Concentration" Unit="ug/L" Precision="4"/> 	
	<DataRequest xsi:type="LiquidCompartmentDataRequestData" Compartment="SpleenTissueIntracellular"      Substance="Desflurane" Name="Concentration" Unit="ug/L" Precision="4"/>
	
	<DataRequest xsi:type="SubstanceDataRequestData" Substance="Desflurane" Name="PlasmaConcentration" Unit="ug/L" Precision="6"/>
	<DataRequest xsi:type="SubstanceDataRequestData" Substance="Desflurane"	Name="EffectSiteConcentration" Unit="ug/mL" Precision="6"/>	
	<DataRequest xsi:type="SubstanceDataRequestData" Substance="Desflurane" Name="SystemicMassCleared" Unit="ug" Precision="2"/>	
	<DataRequest xsi:type="SubstanceDataRequestData" Substance="Desflurane" Name="MassInBody" Unit="ug" Precision="2"/>
	<DataRequest xsi:type="SubstanceDataRequestData" Substance="Desflurane" Name="EndTidalFraction" Unit="" Precision="3"/>
	<DataRequest xsi:type="SubstanceDataRequestData" Substance="Desflurane" Compartment="LeftKidneyTissue" Name="PartitionCoefficient" Precision="4"/>
	<DataRequest xsi:type="SubstanceDataRequestData" Substance="Desflurane" Compartment="RightKidneyTissue" Name="PartitionCoefficient" Precision="4"/>
	<DataRequest xsi:type="SubstanceDataRequestData" Substance="Desflurane" Compartment="BrainTissue" Name="PartitionCoefficient" Precision="4"/>
	<DataRequest xsi:type="SubstanceDataRequestData" Substance="Desflurane" Compartment="RightLungTissue" Name="PartitionCoefficient" Precision="4"/>
	<DataRequest xsi:type="SubstanceDataRequestData" Substance="Desflurane" Compartment="LeftLungTissue" Name="PartitionCoefficient" Precision="4"/>
	<DataRequest xsi:type="SubstanceDataRequestData" Substance="Desflurane" Compartment="LiverTissue" Name="PartitionCoefficient" Precision="4"/>
	<DataRequest xsi:type="SubstanceDataRequestData" Substance="Desflurane" Compartment="BoneTissue" Name="PartitionCoefficient" Precision="4"/>
	<DataRequest xsi:type="SubstanceDataRequestData" Substance="Desflurane" Compartment="FatTissue" Name="PartitionCoefficient" Precision="4"/>
	<DataRequest xsi:type="SubstanceDataRequestData" Substance="Desflurane" Compartment="SkinTissue" Name="PartitionCoefficient" Precision="4"/>
	<DataRequest xsi:type="SubstanceDataRequestData" Substance="Desflurane" Compartment="MuscleTissue" Name="PartitionCoefficient" Precision="4"/>
	<DataRequest xsi:type="SubstanceDataRequestData" Substance="Desflurane" Compartment="SpleenTissue" Name="PartitionCoefficient" Precision="4"/>
	<DataRequest xsi:type="SubstanceDataRequestData" Substance="Desflurane" Compartment="GutTissue" Name="PartitionCoefficient" Precision="4"/>
	<DataRequest xsi:type="SubstanceDataRequestData" Substance="Desflurane" Compartment="MyocardiumTissue" Name="PartitionCoefficient" Precision="4"/>
	
	
	<DataRequest xsi:type="LiquidCompartmentDataRequestData" Compartment="LiverTissueIntracellular"       Substance="Desflurane" Name="MassCleared" Unit="ug" Precision="2"/>
	<DataRequest xsi:type="LiquidCompartmentDataRequestData" Compartment="LeftKidneyTissueIntracellular"  Substance="Desflurane" Name="MassCleared" Unit="ug" Precision="2"/>
	<DataRequest xsi:type="LiquidCompartmentDataRequestData" Compartment="RightKidneyTissueIntracellular" Substance="Desflurane" Name="MassCleared" Unit="ug" Precision="2"/>
	<DataRequest xsi:type="LiquidCompartmentDataRequestData" Compartment="LiverTissueIntracellular"       Substance="Desflurane" Name="MassExcreted" Unit="ug" Precision="2"/>
	<DataRequest xsi:type="GasCompartmentDataRequestData" Compartment="LeftAlveoli"  Substance="Desflurane"        Name="PartialPressure" Unit="mmHg"  Precision="0"/>
	<DataRequest xsi:type="GasCompartmentDataRequestData" Compartment="RightAlveoli"  Substance="Desflurane"        Name="PartialPressure" Unit="mmHg"  Precision="0"/>
	
	
  </DataRequests>
	
    <Action xsi:type="AdvanceTimeData">
        <Time value="30" unit="s"/>       
    </Action>
	<Action xsi:type="AnesthesiaMachineConfigurationData">
      <Configuration>
        <Connection>Mask</Connection>
		<InletFlow value="6.0" unit="L/min"/>
        <OxygenFraction value="0.25"/>
        <OxygenSource>Wall</OxygenSource>
        <PositiveEndExpiredPressure value="0.0" unit="cmH2O"/>
        <PrimaryGas>Nitrogen</PrimaryGas>
        <VentilatorPressure value="0.0" unit="cmH2O"/>
      </Configuration>
    </Action>
	<!--Give time for respiratory metrics to stabilize after mask is applied-->
    <Action xsi:type="AdvanceTimeData">
        <Time value="15" unit="min"/>       
    </Action>
    <Action xsi:type="AnesthesiaMachineConfigurationData">
      <Configuration>
			<LeftChamber>
				<State>On</State>
				<SubstanceFraction value="0.06"/>			  
				<Substance>Desflurane</Substance>
			</LeftChamber>
      </Configuration>
    </Action>
    <Action xsi:type="AdvanceTimeData">
        <Time value="30" unit="min"/>       
    </Action>
</Scenario>
