<?xml version="1.0" encoding="UTF-8"?>
<Scenario xmlns="uri:/mil/tatrc/physiology/datamodel" xmlns:xsi="http://www.w3.org/2001/XMLSchema-instance" contentVersion="BioGears_6.3.0-beta" xsi:schemaLocation="">
    <Name>Furosemide</Name>
    <Description>Inject standard patient with Furosemide!</Description>
    <InitialParameters><PatientFile>StandardMale.xml</PatientFile></InitialParameters>
    
	<!-- Base system data required for all scenario verification -->
  <DataRequests>
  <DataRequest xsi:type="PatientDataRequestData"    Name="Weight"                            Unit="kg"           Precision="1"/>
  <DataRequest xsi:type="PhysiologyDataRequestData" Name="HeartRate"                         Unit="1/min"       Precision="2"/>
	<DataRequest xsi:type="PhysiologyDataRequestData" Name="HeartStrokeVolume"                 Unit="mL"          Precision="1"/>
	<DataRequest xsi:type="PhysiologyDataRequestData" Name="BloodVolume"                       Unit="L"          Precision="2"/>	
	<DataRequest xsi:type="PhysiologyDataRequestData" Name="ExtravascularFluidVolume"          Unit="L"          Precision="1"/>
	<DataRequest xsi:type="PhysiologyDataRequestData" Name="ArterialPressure"                  Unit="mmHg"        Precision="1"/>
	<DataRequest xsi:type="PhysiologyDataRequestData" Name="MeanArterialPressure"              Unit="mmHg"        Precision="1"/>
	<DataRequest xsi:type="PhysiologyDataRequestData" Name="SystolicArterialPressure"          Unit="mmHg"        Precision="0"/>
  <DataRequest xsi:type="PhysiologyDataRequestData" Name="DiastolicArterialPressure"         Unit="mmHg"        Precision="1"/>
	<DataRequest xsi:type="PhysiologyDataRequestData" Name="CardiacOutput"                     Unit="L/min"      Precision="2"/>
	<DataRequest xsi:type="PhysiologyDataRequestData" Name="HemoglobinContent"                 Unit="g"           Precision="0"/>
	<DataRequest xsi:type="PhysiologyDataRequestData" Name="CentralVenousPressure"             Unit="mmHg"        Precision="2"/>
	<DataRequest xsi:type="PhysiologyDataRequestData" Name="PulmonaryCapillariesWedgePressure" Unit="mmHg"        Precision="2"/>
  <DataRequest xsi:type="PhysiologyDataRequestData" Name="RespirationRate"                   Unit="1/min"       Precision="2"/>
  <DataRequest xsi:type="PhysiologyDataRequestData" Name="OxygenSaturation"                  Unit="unitless"    Precision="3"/>
	<DataRequest xsi:type="PhysiologyDataRequestData" Name="CarbonDioxideSaturation"           Unit="unitless"    Precision="3"/>
  <DataRequest xsi:type="PhysiologyDataRequestData" Name="TidalVolume"                       Unit="mL"          Precision="0"/>
  <DataRequest xsi:type="PhysiologyDataRequestData" Name="TotalLungVolume"                   Unit="L"          Precision="2"/>
	<DataRequest xsi:type="PhysiologyDataRequestData" Name="EndTidalCarbonDioxideFraction"     Unit="unitless"    Precision="4"/>
	<DataRequest xsi:type="PhysiologyDataRequestData" Name="TotalAlveolarVentilation"          Unit="L/min"       Precision="2"/>
	<DataRequest xsi:type="PhysiologyDataRequestData" Name="TranspulmonaryPressure"            Unit="cmH2O"       Precision="2"/>
	<DataRequest xsi:type="PhysiologyDataRequestData" Name="RespiratoryExchangeRatio"          Unit="unitless"    Precision="3"/>
	<DataRequest xsi:type="PhysiologyDataRequestData" Name="CoreTemperature"                   Unit="degC"        Precision="1"/>
	<DataRequest xsi:type="PhysiologyDataRequestData" Name="SkinTemperature"                   Unit="degC"        Precision="1"/>
	<DataRequest xsi:type="PhysiologyDataRequestData" Name="GlomerularFiltrationRate"          Unit="mL/min"      Precision="0"/> 
	<DataRequest xsi:type="PhysiologyDataRequestData" Name="RenalBloodFlow"                    Unit="L/min"      Precision="2"/>
	<DataRequest xsi:type="PhysiologyDataRequestData" Name="UrineProductionRate"               Unit="mL/min"      Precision="3"/>
	<DataRequest xsi:type="PhysiologyDataRequestData" Name="LeftAfferentArterioleResistance"   Unit="mmHg min/mL" Precision="4"/>
	<DataRequest xsi:type="PhysiologyDataRequestData" Name="RightAfferentArterioleResistance"  Unit="mmHg min/mL" Precision="4"/>
	<DataRequest xsi:type="PhysiologyDataRequestData" Name="OxygenConsumptionRate"             Unit="mL/min"      Precision="3"/>
	<DataRequest xsi:type="PhysiologyDataRequestData" Name="CarbonDioxideProductionRate"       Unit="mL/min"      Precision="3"/>
    
	<DataRequest xsi:type="GasCompartmentDataRequestData" Compartment="LeftAlveoli"                            Name="Pressure"        Unit="cmH2O" Precision="0"/>
	<DataRequest xsi:type="GasCompartmentDataRequestData" Compartment="LeftAlveoli"  Substance="Oxygen"        Name="PartialPressure" Unit="mmHg"  Precision="0"/>
	<DataRequest xsi:type="GasCompartmentDataRequestData" Compartment="LeftAlveoli"  Substance="CarbonDioxide" Name="PartialPressure" Unit="mmHg"  Precision="1"/>
	<DataRequest xsi:type="GasCompartmentDataRequestData" Compartment="RightAlveoli"                           Name="Pressure"        Unit="cmH2O" Precision="0"/>
 	<DataRequest xsi:type="GasCompartmentDataRequestData" Compartment="RightAlveoli" Substance="Oxygen"        Name="PartialPressure" Unit="mmHg"  Precision="0"/>
	<DataRequest xsi:type="GasCompartmentDataRequestData" Compartment="RightAlveoli" Substance="CarbonDioxide" Name="PartialPressure" Unit="mmHg"  Precision="1"/>
	<DataRequest xsi:type="GasCompartmentDataRequestData" Compartment="Trachea"       Substance="Oxygen"        Name="PartialPressure" Unit="cmH2O" Precision="0"/>
	<DataRequest xsi:type="GasCompartmentDataRequestData" Compartment="Trachea"       Substance="CarbonDioxide" Name="PartialPressure" Unit="cmH2O" Precision="1"/>
	
	<DataRequest xsi:type="LiquidCompartmentDataRequestData" Compartment="Aorta"     Substance="Oxygen"        Name="PartialPressure" Unit="mmHg" Precision="1"/>
	<DataRequest xsi:type="LiquidCompartmentDataRequestData" Compartment="Aorta"     Substance="CarbonDioxide" Name="PartialPressure" Unit="mmHg" Precision="1"/>
	<DataRequest xsi:type="LiquidCompartmentDataRequestData" Compartment="VenaCava"  Substance="Oxygen"        Name="PartialPressure" Unit="mmHg" Precision="1"/>
	<DataRequest xsi:type="LiquidCompartmentDataRequestData" Compartment="VenaCava"  Substance="CarbonDioxide" Name="PartialPressure" Unit="mmHg" Precision="1"/>
	
	<DataRequest xsi:type="LiquidCompartmentDataRequestData" Compartment="RightTubules" Substance="Sodium"        Name="Concentration" Unit="g/L" Precision="2"/>
	<DataRequest xsi:type="LiquidCompartmentDataRequestData" Compartment="LeftTubules"  Substance="Sodium"        Name="Concentration" Unit="g/L" Precision="2"/>
	
	<DataRequest xsi:type="SubstanceDataRequestData"  Substance="Oxygen"         Name="AlveolarTransfer" Unit="mL/s" Precision="2"/>
	<DataRequest xsi:type="SubstanceDataRequestData"  Substance="CarbonDioxide"  Name="AlveolarTransfer" Unit="mL/s" Precision="2"/>
	
	<DataRequest Substance="Epinephrine" Name="BloodConcentration" xsi:type="SubstanceDataRequestData" Unit="ug/L" Precision="6"/>
	  <DataRequest xsi:type="PhysiologyDataRequestData" Name="LiverGlycogen" Unit="g" Precision="2"/>
  <DataRequest xsi:type="PhysiologyDataRequestData" Name="MuscleGlycogen" Unit="g" Precision="2"/>

	<!-- Anything action specific data needed for verification of this scenario -->
	<DataRequest xsi:type="PhysiologyDataRequestData" Name="NeuromuscularBlockLevel" Precision="2"/>
	<DataRequest xsi:type="PhysiologyDataRequestData" Name="SedationLevel" Precision="2"/>
  <DataRequest xsi:type="PhysiologyDataRequestData" Name="PupillaryResponse-SizeModifier" Precision="3"/>
  <DataRequest xsi:type="PhysiologyDataRequestData" Name="PupillaryResponse-ReactivityModifier" Precision="3"/>
    
	<DataRequest xsi:type="LiquidCompartmentDataRequestData" Compartment="Aorta"                  Substance="Furosemide" Name="Concentration" Unit="ug/L" Precision="4"/>
	<DataRequest xsi:type="LiquidCompartmentDataRequestData" Compartment="VenaCava"               Substance="Furosemide" Name="Concentration" Unit="ug/L" Precision="4"/> 
	
	<DataRequest xsi:type="LiquidCompartmentDataRequestData" Compartment="BoneVasculature"        Substance="Furosemide" Name="Concentration" Unit="ug/L" Precision="4"/>
	<DataRequest xsi:type="LiquidCompartmentDataRequestData" Compartment="BrainVasculature"       Substance="Furosemide" Name="Concentration" Unit="ug/L" Precision="4"/> 
	<DataRequest xsi:type="LiquidCompartmentDataRequestData" Compartment="FatVasculature"         Substance="Furosemide" Name="Concentration" Unit="ug/L" Precision="4"/> 
	<DataRequest xsi:type="LiquidCompartmentDataRequestData" Compartment="GutVasculature"         Substance="Furosemide" Name="Concentration" Unit="ug/L" Precision="4"/> 	
	<DataRequest xsi:type="LiquidCompartmentDataRequestData" Compartment="LeftKidneyVasculature"  Substance="Furosemide" Name="Concentration" Unit="ug/L" Precision="4"/> 		
	<DataRequest xsi:type="LiquidCompartmentDataRequestData" Compartment="LeftLungVasculature"    Substance="Furosemide" Name="Concentration" Unit="ug/L" Precision="4"/>
  <DataRequest xsi:type="LiquidCompartmentDataRequestData" Compartment="LiverVasculature"       Substance="Furosemide" Name="Concentration" Unit="ug/L" Precision="4"/>
	<DataRequest xsi:type="LiquidCompartmentDataRequestData" Compartment="MuscleVasculature"      Substance="Furosemide" Name="Concentration" Unit="ug/L" Precision="4"/> 
	<DataRequest xsi:type="LiquidCompartmentDataRequestData" Compartment="MyocardiumVasculature"  Substance="Furosemide" Name="Concentration" Unit="ug/L" Precision="4"/> 
	<DataRequest xsi:type="LiquidCompartmentDataRequestData" Compartment="RightKidneyVasculature" Substance="Furosemide" Name="Concentration" Unit="ug/L" Precision="4"/> 	
	<DataRequest xsi:type="LiquidCompartmentDataRequestData" Compartment="RightLungVasculature"   Substance="Furosemide" Name="Concentration" Unit="ug/L" Precision="4"/> 		
	<DataRequest xsi:type="LiquidCompartmentDataRequestData" Compartment="SkinVasculature"        Substance="Furosemide" Name="Concentration" Unit="ug/L" Precision="4"/>
  <DataRequest xsi:type="LiquidCompartmentDataRequestData" Compartment="SpleenVasculature"      Substance="Furosemide" Name="Concentration" Unit="ug/L" Precision="4"/>

	<DataRequest xsi:type="LiquidCompartmentDataRequestData" Compartment="BoneTissueExtracellular"        Substance="Furosemide" Name="Concentration" Unit="ug/L" Precision="4"/>
	<DataRequest xsi:type="LiquidCompartmentDataRequestData" Compartment="BrainTissueExtracellular"       Substance="Furosemide" Name="Concentration" Unit="ug/L" Precision="4"/> 	
	<DataRequest xsi:type="LiquidCompartmentDataRequestData" Compartment="FatTissueExtracellular"         Substance="Furosemide" Name="Concentration" Unit="ug/L" Precision="4"/> 		
	<DataRequest xsi:type="LiquidCompartmentDataRequestData" Compartment="GutTissueExtracellular"         Substance="Furosemide" Name="Concentration" Unit="ug/L" Precision="4"/> 	
	<DataRequest xsi:type="LiquidCompartmentDataRequestData" Compartment="LeftKidneyTissueExtracellular"  Substance="Furosemide" Name="Concentration" Unit="ug/L" Precision="4"/> 
	<DataRequest xsi:type="LiquidCompartmentDataRequestData" Compartment="LeftLungTissueExtracellular"    Substance="Furosemide" Name="Concentration" Unit="ug/L" Precision="4"/>
	<DataRequest xsi:type="LiquidCompartmentDataRequestData" Compartment="LiverTissueExtracellular"       Substance="Furosemide" Name="Concentration" Unit="ug/L" Precision="4"/> 	
	<DataRequest xsi:type="LiquidCompartmentDataRequestData" Compartment="MuscleTissueExtracellular"      Substance="Furosemide" Name="Concentration" Unit="ug/L" Precision="4"/> 		
	<DataRequest xsi:type="LiquidCompartmentDataRequestData" Compartment="MyocardiumTissueExtracellular"  Substance="Furosemide" Name="Concentration" Unit="ug/L" Precision="4"/> 	
	<DataRequest xsi:type="LiquidCompartmentDataRequestData" Compartment="RightKidneyTissueExtracellular" Substance="Furosemide" Name="Concentration" Unit="ug/L" Precision="4"/> 		
  <DataRequest xsi:type="LiquidCompartmentDataRequestData" Compartment="RightLungTissueExtracellular"   Substance="Furosemide" Name="Concentration" Unit="ug/L" Precision="4"/> 		
	<DataRequest xsi:type="LiquidCompartmentDataRequestData" Compartment="SkinTissueExtracellular"        Substance="Furosemide" Name="Concentration" Unit="ug/L" Precision="4"/> 	
	<DataRequest xsi:type="LiquidCompartmentDataRequestData" Compartment="SpleenTissueExtracellular"      Substance="Furosemide" Name="Concentration" Unit="ug/L" Precision="4"/> 

	<DataRequest xsi:type="LiquidCompartmentDataRequestData" Compartment="BoneTissueIntracellular"        Substance="Furosemide" Name="Concentration" Unit="ug/L" Precision="4"/>
	<DataRequest xsi:type="LiquidCompartmentDataRequestData" Compartment="BrainTissueIntracellular"       Substance="Furosemide" Name="Concentration" Unit="ug/L" Precision="4"/> 	
	<DataRequest xsi:type="LiquidCompartmentDataRequestData" Compartment="FatTissueIntracellular"         Substance="Furosemide" Name="Concentration" Unit="ug/L" Precision="4"/> 		
	<DataRequest xsi:type="LiquidCompartmentDataRequestData" Compartment="GutTissueIntracellular"         Substance="Furosemide" Name="Concentration" Unit="ug/L" Precision="4"/> 	
	<DataRequest xsi:type="LiquidCompartmentDataRequestData" Compartment="LeftKidneyTissueIntracellular"  Substance="Furosemide" Name="Concentration" Unit="ug/L" Precision="4"/> 
	<DataRequest xsi:type="LiquidCompartmentDataRequestData" Compartment="LeftLungTissueIntracellular"    Substance="Furosemide" Name="Concentration" Unit="ug/L" Precision="4"/>
	<DataRequest xsi:type="LiquidCompartmentDataRequestData" Compartment="LiverTissueIntracellular"       Substance="Furosemide" Name="Concentration" Unit="ug/L" Precision="4"/> 	
	<DataRequest xsi:type="LiquidCompartmentDataRequestData" Compartment="MuscleTissueIntracellular"      Substance="Furosemide" Name="Concentration" Unit="ug/L" Precision="4"/> 		
	<DataRequest xsi:type="LiquidCompartmentDataRequestData" Compartment="MyocardiumTissueIntracellular"  Substance="Furosemide" Name="Concentration" Unit="ug/L" Precision="4"/> 	
	<DataRequest xsi:type="LiquidCompartmentDataRequestData" Compartment="RightKidneyTissueIntracellular" Substance="Furosemide" Name="Concentration" Unit="ug/L" Precision="4"/> 		
  <DataRequest xsi:type="LiquidCompartmentDataRequestData" Compartment="RightLungTissueIntracellular"   Substance="Furosemide" Name="Concentration" Unit="ug/L" Precision="4"/> 		
	<DataRequest xsi:type="LiquidCompartmentDataRequestData" Compartment="SkinTissueIntracellular"        Substance="Furosemide" Name="Concentration" Unit="ug/L" Precision="4"/> 	
	<DataRequest xsi:type="LiquidCompartmentDataRequestData" Compartment="SpleenTissueIntracellular"      Substance="Furosemide" Name="Concentration" Unit="ug/L" Precision="4"/>
    
  <DataRequest xsi:type="LiquidCompartmentDataRequestData" Compartment="LiverTissueIntracellular"       Substance="Furosemide" Name="MassCleared" Unit="ug" Precision="2"/>
  <DataRequest xsi:type="LiquidCompartmentDataRequestData" Compartment="LeftKidneyTissueIntracellular"  Substance="Furosemide" Name="MassCleared" Unit="ug" Precision="2"/>
  <DataRequest xsi:type="LiquidCompartmentDataRequestData" Compartment="RightKidneyTissueIntracellular" Substance="Furosemide" Name="MassCleared" Unit="ug" Precision="2"/>
  <DataRequest xsi:type="LiquidCompartmentDataRequestData" Compartment="LiverTissueIntracellular"       Substance="Furosemide" Name="MassExcreted" Unit="ug" Precision="2"/>
	
	<DataRequest xsi:type="SubstanceDataRequestData" Substance="Furosemide" Name="PlasmaConcentration" Unit="ug/L" Precision="6"/>
	<DataRequest xsi:type="SubstanceDataRequestData" Substance="Furosemide"	Name="EffectSiteConcentration" Unit="ug/mL" Precision="6"/>	
	<DataRequest xsi:type="SubstanceDataRequestData" Substance="Furosemide" Name="SystemicMassCleared" Unit="ug" Precision="2"/>	
	<DataRequest xsi:type="SubstanceDataRequestData" Substance="Furosemide" Name="MassInBody" Unit="ug" Precision="2"/>	
  

	<DataRequest xsi:type="SubstanceDataRequestData" Substance="Sodium"     Name="Clearance-RenalExcretionRate" Unit="g/day" Precision="2"/>
	<DataRequest xsi:type="SubstanceDataRequestData" Substance="Chloride"   Name="Clearance-RenalExcretionRate" Unit="g/day" Precision="2"/>
 
  </DataRequests>
	
    <Action xsi:type="AdvanceTimeData">
        <Time value="30" unit="s"/>       
    </Action>
    <Action xsi:type="SubstanceBolusData" AdminRoute="Intravenous">
        <Substance>Furosemide</Substance>
        <Concentration value="4000" unit="ug/mL"/>
        <Dose value="10" unit="mL"/>
    </Action>
	<Action xsi:type="AdvanceTimeData">
        <Time value="30" unit="min"/>  
	</Action>  
</Scenario>
