<?xml version="1.0" encoding="UTF-8"?>
<Scenario xmlns="uri:/mil/tatrc/physiology/datamodel" xmlns:xsi="http://www.w3.org/2001/XMLSchema-instance" contentVersion="BioGears_6.3.0-beta" xsi:schemaLocation="">
    <Name>CombatMultitrauma</Name>
    <Description>Showcase scenario: Soldier with closed tension pneumothorax and severe bleeding</Description>
    <InitialParameters>
        <PatientFile>Soldier.xml</PatientFile>
    </InitialParameters>
    
    <!-- Base system data required for combat multitrauma showcase scenario -->
  <DataRequests>
    <DataRequest xsi:type="EquipmentDataRequestData"  Type="ECG" Name="Lead3ElectricPotential"    Unit="mV"          Precision="3"/>
    <DataRequest xsi:type="PhysiologyDataRequestData" Name="TotalLungVolume"           Unit="L"           Precision="3"/>
    <DataRequest xsi:type="PhysiologyDataRequestData" Name="OxygenSaturation"          Unit="unitless"    Precision="3"/>
	<DataRequest xsi:type="PhysiologyDataRequestData" Name="OxygenVenousSaturation"    Unit="unitless"    Precision="3"/>
    <DataRequest xsi:type="PhysiologyDataRequestData" Name="BloodVolume"               Unit="mL"          Precision="2"/>
    <DataRequest xsi:type="PhysiologyDataRequestData" Name="HeartRate"                 Unit="1/min"       Precision="2"/>
    <DataRequest xsi:type="PhysiologyDataRequestData" Name="HeartStrokeVolume"         Unit="mL"           Precision="1"/>		
    <DataRequest xsi:type="PhysiologyDataRequestData" Name="ExtravascularFluidVolume"  Unit="L"           Precision="1"/>
    <DataRequest xsi:type="PhysiologyDataRequestData" Name="ArterialPressure"          Unit="mmHg"        Precision="1"/>
    <DataRequest xsi:type="PhysiologyDataRequestData" Name="MeanArterialPressure"      Unit="mmHg"        Precision="1"/>
    <DataRequest xsi:type="PhysiologyDataRequestData" Name="SystolicArterialPressure"  Unit="mmHg"        Precision="1"/>
    <DataRequest xsi:type="PhysiologyDataRequestData" Name="DiastolicArterialPressure" Unit="mmHg"        Precision="1"/>
    <DataRequest xsi:type="PhysiologyDataRequestData" Name="CardiacOutput"             Unit="L/min"       Precision="2"/>
    <DataRequest xsi:type="PhysiologyDataRequestData" Name="HemoglobinContent"         Unit="g"           Precision="0"/>
    <DataRequest xsi:type="PhysiologyDataRequestData" Name="CentralVenousPressure"     Unit="mmHg"        Precision="2"/>
    <DataRequest xsi:type="PhysiologyDataRequestData" Name="RespirationRate"           Unit="1/min"       Precision="2"/>    
    <DataRequest xsi:type="PhysiologyDataRequestData" Name="TidalVolume"               Unit="mL"          Precision="3"/>    
  </DataRequests>
    
    <!-- Segment 1: Initialization -->
    <Action xsi:type="AdvanceTimeData">
        <Time value="1" unit="min"/>       
    </Action>
    <!-- Segment 2: Begin Pneumothorax and Hemorrhage -->
    <Action xsi:type="TensionPneumothoraxData" Type="Closed" Side="Left">
        <Comment>Insult</Comment>
        <Severity value="0.75"/>
    </Action>
    <Action xsi:type="HemorrhageData" Compartment="RightLeg">
		<InitialRate value="250" unit="mL/min"/>
    </Action>
    <Action xsi:type="AdvanceTimeData">
        <Time value="1" unit="min"/>
    </Action>
    <!-- Segment 3: Non-tourniquet bleeding control -->
    <Action xsi:type="HemorrhageData" Compartment="RightLeg">
		<InitialRate value="50" unit="mL/min"/>
    </Action>
    <Action xsi:type="AdvanceTimeData">
        <Time value="1" unit="min"/>
    </Action>
    <!-- Segment 4: Needle Decompression -->
    <Action xsi:type="NeedleDecompressionData" State="On" Side="Left">
        <Comment>Intervention</Comment>
    </Action>
    <Action xsi:type="AdvanceTimeData">
        <Time value="4" unit="min"/>
    </Action>
    <!-- Segment 5: Tourniquet Application -->
    <Action xsi:type="HemorrhageData" Compartment="RightLeg">
		<InitialRate value="0" unit="mL/min"/>
    </Action>
    <Action xsi:type="AdvanceTimeData">
        <Time value="0.5" unit="min"/>
    </Action>
    <!-- Segment 6: Intravenous  Administration -->
    <Action xsi:type="SubstanceCompoundInfusionData">
        <Comment>Intervention</Comment>
        <SubstanceCompound>Saline</SubstanceCompound>
        <BagVolume value="500" unit="mL"/>
        <Rate value="100" unit="mL/min"/>
    </Action>
    <Action xsi:type="AdvanceTimeData">
        <Time value="2" unit="min"/>
    </Action>
    <!-- Segment 7: Narcotics Administration -->
    <Action xsi:type="SubstanceBolusData" AdminRoute="Intravenous">
        <Comment>Intervention</Comment>
        <Substance>Morphine</Substance>
        <Concentration value="1000" unit="ug/mL"/>
        <Dose value="5" unit="mL"/>
    </Action>
    <Action xsi:type="AdvanceTimeData">
        <Time value="2.667" unit="min"/>
    </Action>
</Scenario>

