<?xml version="1.0" encoding="UTF-8"?>
<Scenario xmlns="uri:/mil/tatrc/physiology/datamodel" xmlns:xsi="http://www.w3.org/2001/XMLSchema-instance" contentVersion="BioGears_6.3.0-beta" xsi:schemaLocation="">
    <Name>HouseFire</Name>
    <Description>High concentrations of particulate and CO concentrations</Description>
    <InitialParameters><PatientFile>StandardMale.xml</PatientFile></InitialParameters>
	
	<!-- Base system data required for all scenario verification -->
  <DataRequests>
  <DataRequest xsi:type="PatientDataRequestData"    Name="Weight"                            Unit="kg"           Precision="1"/>
  
  <DataRequest xsi:type="PhysiologyDataRequestData" Name="HeartRate"                         Unit="1/min"       Precision="2"/>
  <DataRequest xsi:type="PhysiologyDataRequestData" Name="HeartStrokeVolume"                 Unit="mL"          Precision="1"/>
  <DataRequest xsi:type="PhysiologyDataRequestData" Name="BloodVolume"                       Unit="L"          Precision="2"/>	
  <DataRequest xsi:type="PhysiologyDataRequestData" Name="ExtravascularFluidVolume"          Unit="L"          Precision="1"/>
  <DataRequest xsi:type="PhysiologyDataRequestData" Name="ArterialPressure"                  Unit="mmHg"        Precision="1"/>
  <DataRequest xsi:type="PhysiologyDataRequestData" Name="MeanArterialPressure"              Unit="mmHg"        Precision="1"/>
  <DataRequest xsi:type="PhysiologyDataRequestData" Name="SystolicArterialPressure"          Unit="mmHg"        Precision="0"/>
  <DataRequest xsi:type="PhysiologyDataRequestData" Name="DiastolicArterialPressure"         Unit="mmHg"        Precision="1"/>
  <DataRequest xsi:type="PhysiologyDataRequestData" Name="CardiacOutput"                     Unit="L/min"      Precision="2"/>
  <DataRequest xsi:type="PhysiologyDataRequestData" Name="HemoglobinContent"                 Unit="g"           Precision="0"/>
  <DataRequest xsi:type="PhysiologyDataRequestData" Name="CentralVenousPressure"             Unit="mmHg"        Precision="2"/>
  <DataRequest xsi:type="PhysiologyDataRequestData" Name="PulmonaryCapillariesWedgePressure" Unit="mmHg"        Precision="2"/>
  
  <DataRequest xsi:type="PhysiologyDataRequestData" Name="TidalVolume"                       Unit="mL"          Precision="3"/>
  <DataRequest xsi:type="PhysiologyDataRequestData" Name="TotalLungVolume"                   Unit="L"          Precision="2"/>
  <DataRequest xsi:type="PhysiologyDataRequestData" Name="RespirationRate"                   Unit="1/min"       Precision="2"/>
  <DataRequest xsi:type="PhysiologyDataRequestData" Name="OxygenSaturation"                  Unit="unitless"    Precision="3"/>
  <DataRequest xsi:type="PhysiologyDataRequestData" Name="CarbonDioxideSaturation"           Unit="unitless"    Precision="3"/>  
  <DataRequest xsi:type="PhysiologyDataRequestData" Name="EndTidalCarbonDioxideFraction"     Unit="unitless"    Precision="4"/>
  <DataRequest xsi:type="PhysiologyDataRequestData" Name="TotalAlveolarVentilation"          Unit="L/min"       Precision="2"/>  
  <DataRequest xsi:type="PhysiologyDataRequestData" Name="TranspulmonaryPressure"            Unit="cmH2O"       Precision="2"/>
  
  <DataRequest xsi:type="PhysiologyDataRequestData" Name="CoreTemperature"                   Unit="degC"        Precision="1"/>
  <DataRequest xsi:type="PhysiologyDataRequestData" Name="SkinTemperature"                   Unit="degC"        Precision="1"/>
  
  <DataRequest xsi:type="PhysiologyDataRequestData" Name="RespiratoryExchangeRatio"          Unit="unitless"    Precision="3"/>
  <DataRequest xsi:type="PhysiologyDataRequestData" Name="OxygenConsumptionRate"             Unit="mL/min"      Precision="3"/>
  <DataRequest xsi:type="PhysiologyDataRequestData" Name="CarbonDioxideProductionRate"       Unit="mL/min"      Precision="3"/>
  
  <DataRequest xsi:type="PhysiologyDataRequestData" Name="GlomerularFiltrationRate"          Unit="mL/min"      Precision="0"/> 
  <DataRequest xsi:type="PhysiologyDataRequestData" Name="RenalBloodFlow"                    Unit="L/min"      Precision="2"/>
  <DataRequest xsi:type="PhysiologyDataRequestData" Name="UrineProductionRate"               Unit="mL/min"      Precision="3"/>
  <DataRequest xsi:type="PhysiologyDataRequestData" Name="LeftAfferentArterioleResistance"   Unit="mmHg min/mL" Precision="4"/>
  <DataRequest xsi:type="PhysiologyDataRequestData" Name="RightAfferentArterioleResistance"  Unit="mmHg min/mL" Precision="4"/>
  
  <DataRequest xsi:type="GasCompartmentDataRequestData" Compartment="LeftAlveoli"                            Name="Pressure"        Unit="cmH2O" Precision="0"/>
	<DataRequest xsi:type="GasCompartmentDataRequestData" Compartment="LeftAlveoli"  Substance="Oxygen"        Name="PartialPressure" Unit="mmHg"  Precision="0"/>
	<DataRequest xsi:type="GasCompartmentDataRequestData" Compartment="LeftAlveoli"  Substance="CarbonDioxide" Name="PartialPressure" Unit="mmHg"  Precision="1"/>
	<DataRequest xsi:type="GasCompartmentDataRequestData" Compartment="RightAlveoli"                           Name="Pressure"        Unit="cmH2O" Precision="0"/>
 	<DataRequest xsi:type="GasCompartmentDataRequestData" Compartment="RightAlveoli" Substance="Oxygen"        Name="PartialPressure" Unit="mmHg"  Precision="0"/>
	<DataRequest xsi:type="GasCompartmentDataRequestData" Compartment="RightAlveoli" Substance="CarbonDioxide" Name="PartialPressure" Unit="mmHg"  Precision="1"/>
	<DataRequest xsi:type="GasCompartmentDataRequestData" Compartment="Trachea"       Substance="Oxygen"        Name="PartialPressure" Unit="cmH2O" Precision="0"/>
	<DataRequest xsi:type="GasCompartmentDataRequestData" Compartment="Trachea"       Substance="CarbonDioxide" Name="PartialPressure" Unit="cmH2O" Precision="1"/>
	
	<DataRequest xsi:type="LiquidCompartmentDataRequestData" Compartment="Aorta"     Substance="Oxygen"        Name="PartialPressure" Unit="mmHg" Precision="1"/>
	<DataRequest xsi:type="LiquidCompartmentDataRequestData" Compartment="Aorta"     Substance="CarbonDioxide" Name="PartialPressure" Unit="mmHg" Precision="1"/>
	<DataRequest xsi:type="LiquidCompartmentDataRequestData" Compartment="VenaCava"  Substance="Oxygen"        Name="PartialPressure" Unit="mmHg" Precision="1"/>
	<DataRequest xsi:type="LiquidCompartmentDataRequestData" Compartment="VenaCava"  Substance="CarbonDioxide" Name="PartialPressure" Unit="mmHg" Precision="1"/>
	
	<DataRequest xsi:type="LiquidCompartmentDataRequestData" Compartment="RightTubules" Substance="Sodium"        Name="Concentration" Unit="g/L" Precision="2"/>
	<DataRequest xsi:type="LiquidCompartmentDataRequestData" Compartment="LeftTubules"  Substance="Sodium"        Name="Concentration" Unit="g/L" Precision="2"/>
  
  <DataRequest xsi:type="SubstanceDataRequestData"  Substance="Oxygen"         Name="AlveolarTransfer" Unit="mL/s" Precision="2"/>
  <DataRequest xsi:type="SubstanceDataRequestData"  Substance="CarbonDioxide"  Name="AlveolarTransfer" Unit="mL/s" Precision="2"/>
  
  <DataRequest Substance="Epinephrine" Name="BloodConcentration" xsi:type="SubstanceDataRequestData" Unit="ug/L" Precision="6"/>
    <DataRequest xsi:type="PhysiologyDataRequestData" Name="LiverGlycogen" Unit="g" Precision="2"/>
  <DataRequest xsi:type="PhysiologyDataRequestData" Name="MuscleGlycogen" Unit="g" Precision="2"/>

	<!-- Anything action specific data needed for verification of this scenario -->			  
	<DataRequest xsi:type="LiquidCompartmentDataRequestData" Compartment="Ambient"        Substance="ForestFireParticulate" Name="Concentration" Unit="ug/L" Precision="4"/>   
	<DataRequest xsi:type="LiquidCompartmentDataRequestData" Compartment="Mouth"          Substance="ForestFireParticulate" Name="Concentration" Unit="ug/L" Precision="4"/>	  
	<DataRequest xsi:type="LiquidCompartmentDataRequestData" Compartment="Trachea"         Substance="ForestFireParticulate" Name="Concentration" Unit="ug/L" Precision="4"/>	
	<DataRequest xsi:type="LiquidCompartmentDataRequestData" Compartment="LeftAlveoli"    Substance="ForestFireParticulate" Name="Concentration" Unit="ug/L" Precision="4"/>	
	<DataRequest xsi:type="LiquidCompartmentDataRequestData" Compartment="LeftBronchi"  Substance="ForestFireParticulate" Name="Concentration" Unit="ug/L" Precision="4"/>	
	<DataRequest xsi:type="LiquidCompartmentDataRequestData" Compartment="RightAlveoli"   Substance="ForestFireParticulate" Name="Concentration" Unit="ug/L" Precision="4"/>	
	<DataRequest xsi:type="LiquidCompartmentDataRequestData" Compartment="RightBronchi" Substance="ForestFireParticulate" Name="Concentration" Unit="ug/L" Precision="4"/>	
    
  <DataRequest xsi:type="LiquidCompartmentDataRequestData" Compartment="Mouth"          Substance="ForestFireParticulate" Name="MassDeposited" Unit="ug"  Precision="4"/>
  <DataRequest xsi:type="LiquidCompartmentDataRequestData" Compartment="Trachea"         Substance="ForestFireParticulate" Name="MassDeposited" Unit="ug"  Precision="4"/>
  <DataRequest xsi:type="LiquidCompartmentDataRequestData" Compartment="LeftAlveoli"    Substance="ForestFireParticulate" Name="MassDeposited" Unit="ug"  Precision="4"/>
  <DataRequest xsi:type="LiquidCompartmentDataRequestData" Compartment="LeftBronchi"  Substance="ForestFireParticulate" Name="MassDeposited" Unit="ug"  Precision="4"/>
  <DataRequest xsi:type="LiquidCompartmentDataRequestData" Compartment="RightAlveoli"   Substance="ForestFireParticulate" Name="MassDeposited" Unit="ug"  Precision="4"/>
  <DataRequest xsi:type="LiquidCompartmentDataRequestData" Compartment="RightBronchi" Substance="ForestFireParticulate" Name="MassDeposited" Unit="ug"  Precision="4"/>

  <DataRequest xsi:type="PhysiologyDataRequestData" Name="ExpiratoryFlow"                 Unit="L/s"       Precision="4"/>
  <DataRequest xsi:type="PhysiologyDataRequestData" Name="InspiratoryFlow"                Unit="L/s"       Precision="4"/>
  </DataRequests>
	
	<Action xsi:type="AdvanceTimeData">
    <Time value="5" unit="s"/>       
  </Action>

  <Action xsi:type="ConsciousRespirationData" AppendToPrevious="true">
    <Command xsi:type="ForcedInhaleData">
      <InspiratoryCapacityFraction value="1.0"/>
      <Period value="6.0" unit="s"/>          
    </Command>    
    <Command xsi:type="BreathHoldData">
      <Period value="0.1" unit="s"/>          
    </Command> 
    <Command xsi:type="ForcedExhaleData">
      <ExpiratoryReserveVolumeFraction value="0.0"/>
      <Period value="6.0" unit="s"/>      
    </Command>      
  </Action>

	<Action xsi:type="EnvironmentChangeData">
		<Conditions>
    <Name>LocalEnvironment</Name>
			<AmbientGas Name="Nitrogen">
        <FractionAmount value="0.79"/>
      </AmbientGas>
      <AmbientGas Name="Oxygen">
        <FractionAmount value="0.2096"/>
      </AmbientGas>
      <AmbientGas Name="CarbonDioxide">
        <FractionAmount value="4.0E-4"/>
      </AmbientGas>
      <AmbientAerosol Name="ForestFireParticulate">
        <Concentration value="2500" unit="mg/m^3"/>
      </AmbientAerosol>
		</Conditions>
	</Action>
  
  <Action xsi:type="AdvanceTimeData">
    <Time value="50" unit="min"/>       
  </Action>

   <Action xsi:type="ConsciousRespirationData" AppendToPrevious="true">
    <Command xsi:type="ForcedInhaleData">
      <InspiratoryCapacityFraction value="1.0"/>
      <Period value="6.0" unit="s"/>          
    </Command>    
    <Command xsi:type="BreathHoldData">
      <Period value="0.1" unit="s"/>          
    </Command> 
    <Command xsi:type="ForcedExhaleData">
      <ExpiratoryReserveVolumeFraction value="0.0"/>
      <Period value="6.0" unit="s"/>      
    </Command>      
  </Action>

  <Action xsi:type="AdvanceTimeData">
    <Time value="30" unit="s"/>       
  </Action>
</Scenario>
