<?xml version="1.0" encoding="UTF-8"?>
<Scenario xmlns="uri:/mil/tatrc/physiology/datamodel" xmlns:xsi="http://www.w3.org/2001/XMLSchema-instance" contentVersion="BioGears_6.3.0-beta" xsi:schemaLocation="">
	<Name>MultiDrug</Name>
	<Description>Give lots of drugs, smoke, and CO at the same time to ensure stability using all available routes.  Note: The current PK/PD model does not include drug-on-drug interactions.</Description>
	<InitialParameters><PatientFile>StandardMale.xml</PatientFile></InitialParameters>
	
	<!-- Base system data required for all scenario verification -->
  <DataRequests>
    <DataRequest xsi:type="PatientDataRequestData"    Name="Weight"                            Unit="kg"           Precision="1"/>
		
		<DataRequest xsi:type="PhysiologyDataRequestData" Name="HeartRate"                         Unit="1/min"       Precision="2"/>
		<DataRequest xsi:type="PhysiologyDataRequestData" Name="HeartStrokeVolume"                 Unit="mL"          Precision="1"/>
		<DataRequest xsi:type="PhysiologyDataRequestData" Name="BloodVolume"                       Unit="L"          Precision="2"/>	
		<DataRequest xsi:type="PhysiologyDataRequestData" Name="ExtravascularFluidVolume"          Unit="L"          Precision="1"/>
		<DataRequest xsi:type="PhysiologyDataRequestData" Name="ArterialPressure"                  Unit="mmHg"        Precision="1"/>
		<DataRequest xsi:type="PhysiologyDataRequestData" Name="MeanArterialPressure"              Unit="mmHg"        Precision="1"/>
		<DataRequest xsi:type="PhysiologyDataRequestData" Name="SystolicArterialPressure"          Unit="mmHg"        Precision="0"/>
		<DataRequest xsi:type="PhysiologyDataRequestData" Name="DiastolicArterialPressure"         Unit="mmHg"        Precision="1"/>
		<DataRequest xsi:type="PhysiologyDataRequestData" Name="CardiacOutput"                     Unit="L/min"      Precision="2"/>
		<DataRequest xsi:type="PhysiologyDataRequestData" Name="HemoglobinContent"                 Unit="g"           Precision="0"/>
		<DataRequest xsi:type="PhysiologyDataRequestData" Name="CentralVenousPressure"             Unit="mmHg"        Precision="2"/>
		<DataRequest xsi:type="PhysiologyDataRequestData" Name="PulmonaryCapillariesWedgePressure" Unit="mmHg"        Precision="2"/>
		
		<DataRequest xsi:type="PhysiologyDataRequestData" Name="TidalVolume"                       Unit="mL"          Precision="3"/>
		<DataRequest xsi:type="PhysiologyDataRequestData" Name="TotalLungVolume"                   Unit="L"          Precision="2"/>
		<DataRequest xsi:type="PhysiologyDataRequestData" Name="RespirationRate"                   Unit="1/min"       Precision="2"/>
		<DataRequest xsi:type="PhysiologyDataRequestData" Name="OxygenSaturation"                  Unit="unitless"    Precision="3"/>
		<DataRequest xsi:type="PhysiologyDataRequestData" Name="CarbonDioxideSaturation"           Unit="unitless"    Precision="3"/>  
		<DataRequest xsi:type="PhysiologyDataRequestData" Name="EndTidalCarbonDioxideFraction"     Unit="unitless"    Precision="4"/>
		<DataRequest xsi:type="PhysiologyDataRequestData" Name="TotalAlveolarVentilation"          Unit="L/min"       Precision="2"/>  
		<DataRequest xsi:type="PhysiologyDataRequestData" Name="TranspulmonaryPressure"            Unit="cmH2O"       Precision="2"/>
		
		<DataRequest xsi:type="PhysiologyDataRequestData" Name="CoreTemperature"                   Unit="degC"        Precision="1"/>
		<DataRequest xsi:type="PhysiologyDataRequestData" Name="SkinTemperature"                   Unit="degC"        Precision="1"/>
		
		<DataRequest xsi:type="PhysiologyDataRequestData" Name="RespiratoryExchangeRatio"          Unit="unitless"    Precision="3"/>
		<DataRequest xsi:type="PhysiologyDataRequestData" Name="OxygenConsumptionRate"             Unit="mL/min"      Precision="3"/>
		<DataRequest xsi:type="PhysiologyDataRequestData" Name="CarbonDioxideProductionRate"       Unit="mL/min"      Precision="3"/>
		
		<DataRequest xsi:type="PhysiologyDataRequestData" Name="GlomerularFiltrationRate"          Unit="mL/min"      Precision="0"/> 
		<DataRequest xsi:type="PhysiologyDataRequestData" Name="RenalBloodFlow"                    Unit="L/min"      Precision="2"/>
		<DataRequest xsi:type="PhysiologyDataRequestData" Name="UrineProductionRate"               Unit="mL/min"      Precision="3"/>
		<DataRequest xsi:type="PhysiologyDataRequestData" Name="LeftAfferentArterioleResistance"   Unit="mmHg min/mL" Precision="4"/>
		<DataRequest xsi:type="PhysiologyDataRequestData" Name="RightAfferentArterioleResistance"  Unit="mmHg min/mL" Precision="4"/>
		
		<DataRequest xsi:type="GasCompartmentDataRequestData" Compartment="LeftAlveoli"                            Name="Pressure"        Unit="cmH2O" Precision="0"/>
		<DataRequest xsi:type="GasCompartmentDataRequestData" Compartment="LeftAlveoli"  Substance="Oxygen"        Name="PartialPressure" Unit="mmHg"  Precision="0"/>
		<DataRequest xsi:type="GasCompartmentDataRequestData" Compartment="LeftAlveoli"  Substance="CarbonDioxide" Name="PartialPressure" Unit="mmHg"  Precision="1"/>
		<DataRequest xsi:type="GasCompartmentDataRequestData" Compartment="RightAlveoli"                           Name="Pressure"        Unit="cmH2O" Precision="0"/>
		<DataRequest xsi:type="GasCompartmentDataRequestData" Compartment="RightAlveoli" Substance="Oxygen"        Name="PartialPressure" Unit="mmHg"  Precision="0"/>
		<DataRequest xsi:type="GasCompartmentDataRequestData" Compartment="RightAlveoli" Substance="CarbonDioxide" Name="PartialPressure" Unit="mmHg"  Precision="1"/>
		<DataRequest xsi:type="GasCompartmentDataRequestData" Compartment="Trachea"       Substance="Oxygen"        Name="PartialPressure" Unit="cmH2O" Precision="0"/>
		<DataRequest xsi:type="GasCompartmentDataRequestData" Compartment="Trachea"       Substance="CarbonDioxide" Name="PartialPressure" Unit="cmH2O" Precision="1"/>
		
		<DataRequest xsi:type="LiquidCompartmentDataRequestData" Compartment="Aorta"     Substance="Oxygen"        Name="PartialPressure" Unit="mmHg" Precision="1"/>
		<DataRequest xsi:type="LiquidCompartmentDataRequestData" Compartment="Aorta"     Substance="CarbonDioxide" Name="PartialPressure" Unit="mmHg" Precision="1"/>
		<DataRequest xsi:type="LiquidCompartmentDataRequestData" Compartment="VenaCava"  Substance="Oxygen"        Name="PartialPressure" Unit="mmHg" Precision="1"/>
		<DataRequest xsi:type="LiquidCompartmentDataRequestData" Compartment="VenaCava"  Substance="CarbonDioxide" Name="PartialPressure" Unit="mmHg" Precision="1"/>
		
		<DataRequest xsi:type="LiquidCompartmentDataRequestData" Compartment="RightTubules" Substance="Sodium"        Name="Concentration" Unit="g/L" Precision="2"/>
		<DataRequest xsi:type="LiquidCompartmentDataRequestData" Compartment="LeftTubules"  Substance="Sodium"        Name="Concentration" Unit="g/L" Precision="2"/>
		
		<DataRequest xsi:type="SubstanceDataRequestData"  Substance="Oxygen"         Name="AlveolarTransfer" Unit="mL/s" Precision="2"/>
		<DataRequest xsi:type="SubstanceDataRequestData"  Substance="CarbonDioxide"  Name="AlveolarTransfer" Unit="mL/s" Precision="2"/>

		<DataRequest Substance="Epinephrine" Name="BloodConcentration" xsi:type="SubstanceDataRequestData" Unit="ug/L" Precision="6"/>
		  <DataRequest xsi:type="PhysiologyDataRequestData" Name="LiverGlycogen" Unit="g" Precision="2"/>
  <DataRequest xsi:type="PhysiologyDataRequestData" Name="MuscleGlycogen" Unit="g" Precision="2"/>
		
		<!-- Specific to this scenario -->
		<DataRequest xsi:type="SubstanceDataRequestData" Substance="Epinephrine" Name="SystemicMassCleared" Unit="ug" Precision="8"/>		
    
		<DataRequest xsi:type="PhysiologyDataRequestData" Name="ChymeAbsorptionRate"            Unit="mL/min" Precision="2"/>
		
		<DataRequest xsi:type="PhysiologyDataRequestData" Name="StomachContents-Carbohydrate" Unit="g"  Precision="2"/>
		<DataRequest xsi:type="PhysiologyDataRequestData" Name="StomachContents-Fat"          Unit="g"  Precision="2"/>
		<DataRequest xsi:type="PhysiologyDataRequestData" Name="StomachContents-Protein"      Unit="g"  Precision="2"/>
		<DataRequest xsi:type="PhysiologyDataRequestData" Name="StomachContents-Calcium"      Unit="g"  Precision="2"/>
		<DataRequest xsi:type="PhysiologyDataRequestData" Name="StomachContents-Sodium"       Unit="g"  Precision="2"/>
		<DataRequest xsi:type="PhysiologyDataRequestData" Name="StomachContents-Water"        Unit="mL" Precision="0"/>
		
		<DataRequest xsi:type="LiquidCompartmentDataRequestData" Compartment="SmallIntestineChyme"                        Name="Volume" Unit="mL" Precision="0"/>
		<DataRequest xsi:type="LiquidCompartmentDataRequestData" Compartment="SmallIntestineChyme" Substance="Glucose"    Name="Mass"   Unit="g" Precision="2"/>
		<DataRequest xsi:type="LiquidCompartmentDataRequestData" Compartment="SmallIntestineChyme" Substance="Triacylglycerol" Name="Mass"   Unit="g" Precision="2"/>
		<DataRequest xsi:type="LiquidCompartmentDataRequestData" Compartment="SmallIntestineChyme" Substance="Calcium"    Name="Mass"   Unit="g" Precision="2"/>
		<DataRequest xsi:type="LiquidCompartmentDataRequestData" Compartment="SmallIntestineChyme" Substance="Sodium"     Name="Mass"   Unit="g" Precision="2"/>
		<DataRequest xsi:type="LiquidCompartmentDataRequestData" Compartment="SmallIntestineChyme" Substance="Urea"       Name="Mass"   Unit="g" Precision="2"/>
		
		<DataRequest xsi:type="LiquidCompartmentDataRequestData" Compartment="SmallIntestineVasculature"                        Name="Volume"        Unit="mL" Precision="0"/>
		<DataRequest xsi:type="LiquidCompartmentDataRequestData" Compartment="SmallIntestineVasculature"                        Name="Pressure"      Unit="mmHg" Precision="1"/>
		<DataRequest xsi:type="LiquidCompartmentDataRequestData" Compartment="SmallIntestineVasculature" Substance="Glucose"    Name="Concentration" Unit="mg/dL" Precision="1"/>
		<DataRequest xsi:type="LiquidCompartmentDataRequestData" Compartment="SmallIntestineVasculature" Substance="Triacylglycerol" Name="Concentration" Unit="mg/dL" Precision="0"/>
		<DataRequest xsi:type="LiquidCompartmentDataRequestData" Compartment="SmallIntestineVasculature" Substance="Calcium"    Name="Concentration" Unit="mg/L" Precision="1"/>
		<DataRequest xsi:type="LiquidCompartmentDataRequestData" Compartment="SmallIntestineVasculature" Substance="Sodium"     Name="Concentration" Unit="g/L" Precision="2"/>
		<DataRequest xsi:type="LiquidCompartmentDataRequestData" Compartment="SmallIntestineVasculature" Substance="Urea"       Name="Concentration" Unit="mg/dL" Precision="1"/>  

		<!-- Data needed for senario condition validation -->    
	  <DataRequest xsi:type="PhysiologyDataRequestData" Name="HeartEjectionFraction" Precision="3"/>
    <DataRequest xsi:type="PhysiologyDataRequestData" Name="SystemicVascularResistance" Unit="mmHg s/mL" Precision="3"/>
	  <DataRequest xsi:type="LiquidCompartmentDataRequestData" Compartment="Pericardium" Name="Volume"   Unit="mL" Precision="0"/>
	  <DataRequest xsi:type="LiquidCompartmentDataRequestData" Compartment="Pericardium" Name="Pressure" Unit="mmHg" Precision="2"/> 
	</DataRequests>

    <Action xsi:type="AdvanceTimeData">
        <Time value="30" unit="s"/>       
    </Action>
	<!-- Bolus -->  
    <Action xsi:type="SubstanceBolusData" AdminRoute="Intravenous">
        <Substance>Succinylcholine</Substance>
        <Concentration value="1000" unit="ug/mL"/>
        <Dose value="77" unit="mL"/>
    </Action>
	<Action xsi:type="SubstanceBolusData" AdminRoute="Intravenous">
        <Substance>Epinephrine</Substance>
        <Concentration value="1" unit="ug/mL"/>
        <Dose value="10" unit="mL"/>
    </Action>
	<Action xsi:type="SubstanceBolusData" AdminRoute="Intravenous">
        <Substance>Fentanyl</Substance>
        <Concentration value="15" unit="ug/mL"/>
        <Dose value="10" unit="mL"/>
    </Action>
	<Action xsi:type="SubstanceBolusData" AdminRoute="Intravenous">
        <Substance>Furosemide</Substance>
        <Concentration value="4000" unit="ug/mL"/>
        <Dose value="10" unit="mL"/>
    </Action>
	<Action xsi:type="SubstanceBolusData" AdminRoute="Intravenous">
        <Substance>Ketamine</Substance>
        <Concentration value="1000" unit="ug/mL"/>
        <Dose value="115.0" unit="mL"/>
    </Action>
	<Action xsi:type="SubstanceBolusData" AdminRoute="Intravenous">
        <Substance>Midazolam</Substance>
        <Concentration value="500" unit="ug/mL"/>
        <Dose value="10" unit="mL"/>
    </Action>
	<Action xsi:type="SubstanceBolusData" AdminRoute="Intravenous">
        <Substance>Naloxone</Substance>
        <Concentration value="10" unit="ug/mL"/>
        <Dose value="3" unit="mL"/>
    </Action>
	<Action xsi:type="SubstanceBolusData" AdminRoute="Intramuscular">
        <Substance>Pralidoxime</Substance>
        <Concentration value="350" unit="mg/mL"/>
        <Dose value="2" unit="mL"/>
    </Action>
	<Action xsi:type="SubstanceBolusData" AdminRoute="Intravenous">
        <Substance>Prednisone</Substance>
        <Concentration value="1000" unit="ug/mL"/>
        <Dose value="20" unit="mL"/>
    </Action>
	<Action xsi:type="SubstanceBolusData" AdminRoute="Intravenous">
        <Substance>Propofol</Substance>
        <Concentration value="1000" unit="ug/mL"/>
        <Dose value="200" unit="mL"/>
    </Action>
	<Action xsi:type="SubstanceBolusData" AdminRoute="Intravenous">
        <Substance>Rocuronium</Substance>
        <Concentration value="1000" unit="ug/mL"/>
        <Dose value="50" unit="mL"/>
    </Action>
	<!-- Infusion -->  
	<Action xsi:type="SubstanceInfusionData">
        <Substance>Morphine</Substance>
        <Concentration value="1000" unit="ug/mL"/>
        <Rate value="0.1" unit="mL/s"/>
    </Action>
	<!-- Environment --> 
	<Action xsi:type="EnvironmentChangeData">
		<ConditionsFile>CheyenneMountainFireFighter.xml</ConditionsFile>       
    </Action>
	<!-- Inhaler -->
	<Action xsi:type="InhalerConfigurationData">
		<Configuration>
			<Substance>Albuterol</Substance>
			<MeteredDose value="90.0" unit="ug"/>
			<NozzleLoss value="0.04"/>
			<SpacerVolume value="500.0" unit="mL"/>
		</Configuration>
	</Action>  
	<Action xsi:type="ConsciousRespirationData" AppendToPrevious="true">
		<Command xsi:type="ForcedExhaleData">
			<ExpiratoryReserveVolumeFraction value="1.0"/>
			<Period value="3.0" unit="s"/>			
		</Command>  
		<Command xsi:type="UseInhalerData"/>	
		<Command xsi:type="ForcedInhaleData">
			<InspiratoryCapacityFraction value="1.0"/>
			<Period value="5.0" unit="s"/>          
		</Command> 
		<Command xsi:type="BreathHoldData">
			<Period value="10.0" unit="s"/>          
		</Command> 
    </Action>
	<Action xsi:type="AdvanceTimeData">
        <Time value="10" unit="min"/>       
    </Action>  
</Scenario>
