<?xml version="1.0" encoding="UTF-8"?>
<Scenario xmlns="uri:/mil/tatrc/physiology/datamodel" xmlns:xsi="http://www.w3.org/2001/XMLSchema-instance" contentVersion="BioGears_6.3.0-beta" xsi:schemaLocation="">
    <Name>ThermalApplication</Name>
    <Description>Tests various combinations of applied heat and cold.</Description>
    <InitialParameters><PatientFile>StandardMale.xml</PatientFile></InitialParameters>
    
	<!-- Base system data required for all scenario verification -->
  <DataRequests>
  <DataRequest xsi:type="PatientDataRequestData"    Name="Weight"                            Unit="kg"           Precision="1"/>
  
  <DataRequest xsi:type="PhysiologyDataRequestData" Name="HeartRate"                         Unit="1/min"       Precision="2"/>
  <DataRequest xsi:type="PhysiologyDataRequestData" Name="HeartStrokeVolume"                 Unit="mL"          Precision="1"/>
  <DataRequest xsi:type="PhysiologyDataRequestData" Name="BloodVolume"                       Unit="L"          Precision="2"/>	
  <DataRequest xsi:type="PhysiologyDataRequestData" Name="ExtravascularFluidVolume"          Unit="L"          Precision="1"/>
  <DataRequest xsi:type="PhysiologyDataRequestData" Name="ArterialPressure"                  Unit="mmHg"        Precision="1"/>
  <DataRequest xsi:type="PhysiologyDataRequestData" Name="MeanArterialPressure"              Unit="mmHg"        Precision="1"/>
  <DataRequest xsi:type="PhysiologyDataRequestData" Name="SystolicArterialPressure"          Unit="mmHg"        Precision="0"/>
  <DataRequest xsi:type="PhysiologyDataRequestData" Name="DiastolicArterialPressure"         Unit="mmHg"        Precision="1"/>
  <DataRequest xsi:type="PhysiologyDataRequestData" Name="CardiacOutput"                     Unit="L/min"      Precision="2"/>
  <DataRequest xsi:type="PhysiologyDataRequestData" Name="HemoglobinContent"                 Unit="g"           Precision="0"/>
  <DataRequest xsi:type="PhysiologyDataRequestData" Name="CentralVenousPressure"             Unit="mmHg"        Precision="2"/>
  <DataRequest xsi:type="PhysiologyDataRequestData" Name="PulmonaryCapillariesWedgePressure" Unit="mmHg"        Precision="2"/>
  
  <DataRequest xsi:type="PhysiologyDataRequestData" Name="TidalVolume"                       Unit="mL"          Precision="3"/>
  <DataRequest xsi:type="PhysiologyDataRequestData" Name="TotalLungVolume"                   Unit="L"          Precision="2"/>
  <DataRequest xsi:type="PhysiologyDataRequestData" Name="RespirationRate"                   Unit="1/min"       Precision="2"/>
  <DataRequest xsi:type="PhysiologyDataRequestData" Name="OxygenSaturation"                  Unit="unitless"    Precision="3"/>
  <DataRequest xsi:type="PhysiologyDataRequestData" Name="CarbonDioxideSaturation"           Unit="unitless"    Precision="3"/>  
  <DataRequest xsi:type="PhysiologyDataRequestData" Name="EndTidalCarbonDioxideFraction"     Unit="unitless"    Precision="4"/>
  <DataRequest xsi:type="PhysiologyDataRequestData" Name="TotalAlveolarVentilation"          Unit="L/min"       Precision="2"/>  
  <DataRequest xsi:type="PhysiologyDataRequestData" Name="TranspulmonaryPressure"            Unit="cmH2O"       Precision="2"/>
  
  <DataRequest xsi:type="PhysiologyDataRequestData" Name="CoreTemperature"                   Unit="degC"        Precision="1"/>
  <DataRequest xsi:type="PhysiologyDataRequestData" Name="SkinTemperature"                   Unit="degC"        Precision="1"/>
  
  <DataRequest xsi:type="PhysiologyDataRequestData" Name="RespiratoryExchangeRatio"          Unit="unitless"    Precision="3"/>
  <DataRequest xsi:type="PhysiologyDataRequestData" Name="OxygenConsumptionRate"             Unit="mL/min"      Precision="3"/>
  <DataRequest xsi:type="PhysiologyDataRequestData" Name="CarbonDioxideProductionRate"       Unit="mL/min"      Precision="3"/>
  
  <DataRequest xsi:type="PhysiologyDataRequestData" Name="GlomerularFiltrationRate"          Unit="mL/min"      Precision="0"/> 
  <DataRequest xsi:type="PhysiologyDataRequestData" Name="RenalBloodFlow"                    Unit="L/min"      Precision="2"/>
  <DataRequest xsi:type="PhysiologyDataRequestData" Name="UrineProductionRate"               Unit="mL/min"      Precision="3"/>
  <DataRequest xsi:type="PhysiologyDataRequestData" Name="LeftAfferentArterioleResistance"   Unit="mmHg min/mL" Precision="4"/>
  <DataRequest xsi:type="PhysiologyDataRequestData" Name="RightAfferentArterioleResistance"  Unit="mmHg min/mL" Precision="4"/>
  
  <DataRequest xsi:type="GasCompartmentDataRequestData" Compartment="LeftAlveoli"                            Name="Pressure"        Unit="cmH2O" Precision="0"/>
	<DataRequest xsi:type="GasCompartmentDataRequestData" Compartment="LeftAlveoli"  Substance="Oxygen"        Name="PartialPressure" Unit="mmHg"  Precision="0"/>
	<DataRequest xsi:type="GasCompartmentDataRequestData" Compartment="LeftAlveoli"  Substance="CarbonDioxide" Name="PartialPressure" Unit="mmHg"  Precision="1"/>
	<DataRequest xsi:type="GasCompartmentDataRequestData" Compartment="RightAlveoli"                           Name="Pressure"        Unit="cmH2O" Precision="0"/>
 	<DataRequest xsi:type="GasCompartmentDataRequestData" Compartment="RightAlveoli" Substance="Oxygen"        Name="PartialPressure" Unit="mmHg"  Precision="0"/>
	<DataRequest xsi:type="GasCompartmentDataRequestData" Compartment="RightAlveoli" Substance="CarbonDioxide" Name="PartialPressure" Unit="mmHg"  Precision="1"/>
	<DataRequest xsi:type="GasCompartmentDataRequestData" Compartment="Trachea"       Substance="Oxygen"        Name="PartialPressure" Unit="cmH2O" Precision="0"/>
	<DataRequest xsi:type="GasCompartmentDataRequestData" Compartment="Trachea"       Substance="CarbonDioxide" Name="PartialPressure" Unit="cmH2O" Precision="1"/>
	
	<DataRequest xsi:type="LiquidCompartmentDataRequestData" Compartment="Aorta"     Substance="Oxygen"        Name="PartialPressure" Unit="mmHg" Precision="1"/>
	<DataRequest xsi:type="LiquidCompartmentDataRequestData" Compartment="Aorta"     Substance="CarbonDioxide" Name="PartialPressure" Unit="mmHg" Precision="1"/>
	<DataRequest xsi:type="LiquidCompartmentDataRequestData" Compartment="VenaCava"  Substance="Oxygen"        Name="PartialPressure" Unit="mmHg" Precision="1"/>
	<DataRequest xsi:type="LiquidCompartmentDataRequestData" Compartment="VenaCava"  Substance="CarbonDioxide" Name="PartialPressure" Unit="mmHg" Precision="1"/>
	
	<DataRequest xsi:type="LiquidCompartmentDataRequestData" Compartment="RightTubules" Substance="Sodium"        Name="Concentration" Unit="g/L" Precision="2"/>
	<DataRequest xsi:type="LiquidCompartmentDataRequestData" Compartment="LeftTubules"  Substance="Sodium"        Name="Concentration" Unit="g/L" Precision="2"/>
  
  <DataRequest xsi:type="SubstanceDataRequestData"  Substance="Oxygen"         Name="AlveolarTransfer" Unit="mL/s" Precision="2"/>
  <DataRequest xsi:type="SubstanceDataRequestData"  Substance="CarbonDioxide"  Name="AlveolarTransfer" Unit="mL/s" Precision="2"/>
  
  <DataRequest Substance="Epinephrine" Name="BloodConcentration" xsi:type="SubstanceDataRequestData" Unit="ug/L" Precision="6"/>
    <DataRequest xsi:type="PhysiologyDataRequestData" Name="LiverGlycogen" Unit="g" Precision="2"/>
  <DataRequest xsi:type="PhysiologyDataRequestData" Name="MuscleGlycogen" Unit="g" Precision="2"/>

	<!-- Anything action specific data needed for verification of this scenario -->	
  <DataRequest xsi:type="PhysiologyDataRequestData" Name="TotalMetabolicRate"         Unit="W" Precision="2"/>
  <DataRequest xsi:type="PhysiologyDataRequestData" Name="SystemicVascularResistance" Unit="mmHg s/mL" Precision="3"/>
	<DataRequest xsi:type="PhysiologyDataRequestData" Name="SweatRate"                  Unit="mg/min" Precision="2"/>
  </DataRequests>
    
	<Action xsi:type="AdvanceTimeData">
        <Time value="50" unit="s"/>       
    </Action>	
    <!-- Turn on heating -->
    <Action xsi:type="ThermalApplicationData" AppendToPrevious="true">
      <ActiveHeating>
			  <Power value="500" unit="BTU/hr"/> 
			  <SurfaceAreaFraction value="0.5" unit="unitless"/> 			
      </ActiveHeating>
    </Action>
    <Action xsi:type="AdvanceTimeData">
        <Time value="5" unit="min"/>       
    </Action>
    <!-- Turn off heating and turn on cooling -->
	<Action xsi:type="ThermalApplicationData" AppendToPrevious="true">
	    <ActiveHeating>
	      <Power value="0" unit="BTU/hr"/> 		
	    </ActiveHeating>
	    <ActiveCooling>
			  <Power value="500" unit="BTU/hr"/> 
			  <SurfaceArea value="0.75" unit="m^2"/> 			
	    </ActiveCooling>
    </Action>
    <Action xsi:type="AdvanceTimeData">
        <Time value="5" unit="min"/>       
    </Action>
    <!-- Add a hot object to the skin. -->
	<Action xsi:type="ThermalApplicationData" AppendToPrevious="true">		
	    <AppliedTemperature>
        <State>On</State>
			  <Temperature value="140" unit="degF"/> 
			  <SurfaceAreaFraction value="0.9" unit="unitless"/> 			
	    </AppliedTemperature>
    </Action>
    <Action xsi:type="AdvanceTimeData">
        <Time value="5" unit="min"/>       
    </Action>
    <!-- Turn the heater back on -->
	<Action xsi:type="ThermalApplicationData" AppendToPrevious="true">
	    <ActiveHeating>
	      <Power value="500" unit="BTU/hr"/> 
			  <SurfaceAreaFraction value="0.2" unit="unitless"/> 			
	    </ActiveHeating>		
    </Action>
    <Action xsi:type="AdvanceTimeData">
        <Time value="5" unit="min"/>       
    </Action>
	<!-- Do all three simultaneously -->
	<Action xsi:type="ThermalApplicationData" AppendToPrevious="true">
	    <ActiveHeating>
			  <Power value="500" unit="BTU/hr"/> 
			  <SurfaceAreaFraction value="0.2" unit="unitless"/>  		
	    </ActiveHeating>
	    <ActiveCooling>
			  <Power value="500" unit="BTU/hr"/> 
			  <SurfaceArea value="0.1" unit="m^2"/> 			
	    </ActiveCooling>
	    <AppliedTemperature>
        <State>On</State>
			  <Temperature value="30" unit="degF"/> 
			  <SurfaceAreaFraction value="1.0" unit="unitless"/> 			
	    </AppliedTemperature>
    </Action>	
	<Action xsi:type="AdvanceTimeData">
        <Time value="5" unit="min"/>       
    </Action>
    <!-- Turn everything off -->
    <Action xsi:type="ThermalApplicationData" AppendToPrevious="true">
        <ActiveHeating>
          <Power value="0" unit="BTU/hr"/>        
        </ActiveHeating>
        <ActiveCooling>
          <Power value="0" unit="BTU/hr"/>            
        </ActiveCooling>
        <AppliedTemperature>        
          <State>Off</State>
        </AppliedTemperature>
    </Action>
    <Action xsi:type="AdvanceTimeData">
        <Time value="5" unit="min"/>       
    </Action>
</Scenario>

