<?xml version="1.0" encoding="UTF-8"?>
<Scenario xmlns="uri:/mil/tatrc/physiology/datamodel" xmlns:xsi="http://www.w3.org/2001/XMLSchema-instance" contentVersion="BioGears_6.3.0-beta" xsi:schemaLocation="">
  <Name>LymphCompartments</Name>
  <Description>Output everything from every lymph compartment</Description>
  <InitialParameters><PatientFile>StandardMale.xml</PatientFile></InitialParameters>
    
  <!-- Note there will be no substances in lymph compartments (Mass/Concentration of 0), only hemodynamics -->

  <DataRequests>
	<!-- BioGears only has a single Lymph Compartment -->	
	<DataRequest xsi:type="LiquidCompartmentDataRequestData" Compartment="Lymph" Name="InFlow"  Unit="mL/s" Precision="0"/>
	<DataRequest xsi:type="LiquidCompartmentDataRequestData" Compartment="Lymph" Name="OutFlow"  Unit="mL/s" Precision="0"/>
	<DataRequest xsi:type="LiquidCompartmentDataRequestData" Compartment="Lymph" Name="Pressure"  Unit="mmHg" Precision="0"/>
	<DataRequest xsi:type="LiquidCompartmentDataRequestData" Compartment="Lymph" Name="Volume"  Unit="mL" Precision="0"/>		
  </DataRequests>
	
	<Action xsi:type="AdvanceTimeData">
        <Time value="5" unit="s"/>       
    </Action>
	<Action xsi:type="SubstanceBolusData" AdminRoute="Intravenous">
        <Substance>Succinylcholine</Substance>
        <Concentration value="4820"  unit="ug/mL"/>
        <Dose value="20"  unit="mL"/>    
    </Action>
    <Action xsi:type="AdvanceTimeData">
        <Time value="25" unit="s"/>
    </Action>
</Scenario>