<?xml version="1.0" encoding="UTF-8"?>
<Scenario xmlns="uri:/mil/tatrc/physiology/datamodel" xmlns:xsi="http://www.w3.org/2001/XMLSchema-instance" contentVersion="BioGears_6.3.0-beta" xsi:schemaLocation="">
	<Name>CarbMeal</Name>
	<Description>Giving just a carb meal as action</Description>
	<InitialParameters><PatientFile>StandardMale.xml</PatientFile></InitialParameters>
	
	<!-- Base system data required for all scenario verification -->
  <DataRequests>
    <DataRequest xsi:type="PatientDataRequestData"    Name="Weight"                            Unit="kg"           Precision="1"/>
		
		<DataRequest xsi:type="PhysiologyDataRequestData" Name="HeartRate"                         Unit="1/min"       Precision="2"/>
		<DataRequest xsi:type="PhysiologyDataRequestData" Name="HeartStrokeVolume"                 Unit="mL"          Precision="1"/>
		<DataRequest xsi:type="PhysiologyDataRequestData" Name="BloodVolume"                       Unit="L"          Precision="2"/>	
		<DataRequest xsi:type="PhysiologyDataRequestData" Name="ExtravascularFluidVolume"          Unit="L"          Precision="1"/>
		<DataRequest xsi:type="PhysiologyDataRequestData" Name="ArterialPressure"                  Unit="mmHg"        Precision="1"/>
		<DataRequest xsi:type="PhysiologyDataRequestData" Name="MeanArterialPressure"              Unit="mmHg"        Precision="1"/>
		<DataRequest xsi:type="PhysiologyDataRequestData" Name="SystolicArterialPressure"          Unit="mmHg"        Precision="0"/>
		<DataRequest xsi:type="PhysiologyDataRequestData" Name="DiastolicArterialPressure"         Unit="mmHg"        Precision="1"/>
		<DataRequest xsi:type="PhysiologyDataRequestData" Name="CardiacOutput"                     Unit="L/min"      Precision="2"/>
		<DataRequest xsi:type="PhysiologyDataRequestData" Name="HemoglobinContent"                 Unit="g"           Precision="0"/>
		<DataRequest xsi:type="PhysiologyDataRequestData" Name="CentralVenousPressure"             Unit="mmHg"        Precision="2"/>
		<DataRequest xsi:type="PhysiologyDataRequestData" Name="PulmonaryCapillariesWedgePressure" Unit="mmHg"        Precision="2"/>
		
		<DataRequest xsi:type="PhysiologyDataRequestData" Name="TidalVolume"                       Unit="mL"          Precision="3"/>
		<DataRequest xsi:type="PhysiologyDataRequestData" Name="TotalLungVolume"                   Unit="L"          Precision="2"/>
		<DataRequest xsi:type="PhysiologyDataRequestData" Name="RespirationRate"                   Unit="1/min"       Precision="2"/>
		<DataRequest xsi:type="PhysiologyDataRequestData" Name="OxygenSaturation"                  Unit="unitless"    Precision="3"/>
		<DataRequest xsi:type="PhysiologyDataRequestData" Name="CarbonDioxideSaturation"           Unit="unitless"    Precision="3"/>  
		<DataRequest xsi:type="PhysiologyDataRequestData" Name="EndTidalCarbonDioxideFraction"     Unit="unitless"    Precision="4"/>
		<DataRequest xsi:type="PhysiologyDataRequestData" Name="TotalAlveolarVentilation"          Unit="L/min"       Precision="2"/>  
		<DataRequest xsi:type="PhysiologyDataRequestData" Name="TranspulmonaryPressure"            Unit="cmH2O"       Precision="2"/>
		
		<DataRequest xsi:type="PhysiologyDataRequestData" Name="CoreTemperature"                   Unit="degC"        Precision="1"/>
		<DataRequest xsi:type="PhysiologyDataRequestData" Name="SkinTemperature"                   Unit="degC"        Precision="1"/>
		
		<DataRequest xsi:type="PhysiologyDataRequestData" Name="RespiratoryExchangeRatio"          Unit="unitless"    Precision="3"/>
		<DataRequest xsi:type="PhysiologyDataRequestData" Name="OxygenConsumptionRate"             Unit="mL/min"      Precision="3"/>
		<DataRequest xsi:type="PhysiologyDataRequestData" Name="CarbonDioxideProductionRate"       Unit="mL/min"      Precision="3"/>
		
		<DataRequest xsi:type="PhysiologyDataRequestData" Name="GlomerularFiltrationRate"          Unit="mL/min"      Precision="0"/> 
		<DataRequest xsi:type="PhysiologyDataRequestData" Name="RenalBloodFlow"                    Unit="L/min"      Precision="2"/>
		<DataRequest xsi:type="PhysiologyDataRequestData" Name="UrineProductionRate"               Unit="mL/min"      Precision="3"/>
		<DataRequest xsi:type="PhysiologyDataRequestData" Name="LeftAfferentArterioleResistance"   Unit="mmHg min/mL" Precision="4"/>
		<DataRequest xsi:type="PhysiologyDataRequestData" Name="RightAfferentArterioleResistance"  Unit="mmHg min/mL" Precision="4"/>
		
		<DataRequest xsi:type="GasCompartmentDataRequestData" Compartment="LeftAlveoli"                            Name="Pressure"        Unit="cmH2O" Precision="0"/>
		<DataRequest xsi:type="GasCompartmentDataRequestData" Compartment="LeftAlveoli"  Substance="Oxygen"        Name="PartialPressure" Unit="mmHg"  Precision="0"/>
		<DataRequest xsi:type="GasCompartmentDataRequestData" Compartment="LeftAlveoli"  Substance="CarbonDioxide" Name="PartialPressure" Unit="mmHg"  Precision="1"/>
		<DataRequest xsi:type="GasCompartmentDataRequestData" Compartment="RightAlveoli"                           Name="Pressure"        Unit="cmH2O" Precision="0"/>
		<DataRequest xsi:type="GasCompartmentDataRequestData" Compartment="RightAlveoli" Substance="Oxygen"        Name="PartialPressure" Unit="mmHg"  Precision="0"/>
		<DataRequest xsi:type="GasCompartmentDataRequestData" Compartment="RightAlveoli" Substance="CarbonDioxide" Name="PartialPressure" Unit="mmHg"  Precision="1"/>
		<DataRequest xsi:type="GasCompartmentDataRequestData" Compartment="Trachea"       Substance="Oxygen"        Name="PartialPressure" Unit="cmH2O" Precision="0"/>
		<DataRequest xsi:type="GasCompartmentDataRequestData" Compartment="Trachea"       Substance="CarbonDioxide" Name="PartialPressure" Unit="cmH2O" Precision="1"/>
		
		<DataRequest xsi:type="LiquidCompartmentDataRequestData" Compartment="Aorta"     Substance="Oxygen"        Name="PartialPressure" Unit="mmHg" Precision="1"/>
		<DataRequest xsi:type="LiquidCompartmentDataRequestData" Compartment="Aorta"     Substance="CarbonDioxide" Name="PartialPressure" Unit="mmHg" Precision="1"/>
		<DataRequest xsi:type="LiquidCompartmentDataRequestData" Compartment="VenaCava"  Substance="Oxygen"        Name="PartialPressure" Unit="mmHg" Precision="1"/>
		<DataRequest xsi:type="LiquidCompartmentDataRequestData" Compartment="VenaCava"  Substance="CarbonDioxide" Name="PartialPressure" Unit="mmHg" Precision="1"/>
		
		<DataRequest xsi:type="LiquidCompartmentDataRequestData" Compartment="RightTubules" Substance="Sodium"        Name="Concentration" Unit="g/L" Precision="2"/>
		<DataRequest xsi:type="LiquidCompartmentDataRequestData" Compartment="LeftTubules"  Substance="Sodium"        Name="Concentration" Unit="g/L" Precision="2"/>
		
		<DataRequest xsi:type="SubstanceDataRequestData"  Substance="Oxygen"         Name="AlveolarTransfer" Unit="mL/s" Precision="2"/>
		<DataRequest xsi:type="SubstanceDataRequestData"  Substance="CarbonDioxide"  Name="AlveolarTransfer" Unit="mL/s" Precision="2"/>

		<DataRequest Substance="Epinephrine" Name="BloodConcentration" xsi:type="SubstanceDataRequestData" Unit="ug/L" Precision="6"/>
		<DataRequest xsi:type="LiquidCompartmentDataRequestData" Compartment="VenaCava" Substance="Insulin"        Name="Concentration" Unit="ug/L" Precision="3"/>
		<DataRequest xsi:type="LiquidCompartmentDataRequestData" Compartment="VenaCava" Substance="Glucagon"        Name="Concentration" Unit="ug/L" Precision="6"/>
		  <DataRequest xsi:type="PhysiologyDataRequestData" Name="LiverGlycogen" Unit="g" Precision="2"/>
		<DataRequest xsi:type="PhysiologyDataRequestData" Name="MuscleGlycogen" Unit="g" Precision="2"/>
		
		<!-- Specific to this scenario -->
		<DataRequest xsi:type="SubstanceDataRequestData" Substance="Epinephrine" Name="SystemicMassCleared" Unit="ug" Precision="8"/>		
    
		<DataRequest xsi:type="PhysiologyDataRequestData" Name="ChymeAbsorptionRate"            Unit="mL/min" Precision="2"/>
		
		<DataRequest xsi:type="PhysiologyDataRequestData" Name="StomachContents-Carbohydrate" Unit="g"  Precision="2"/>
		<DataRequest xsi:type="PhysiologyDataRequestData" Name="StomachContents-Fat"          Unit="g"  Precision="2"/>
		<DataRequest xsi:type="PhysiologyDataRequestData" Name="StomachContents-Protein"      Unit="g"  Precision="2"/>
		<DataRequest xsi:type="PhysiologyDataRequestData" Name="StomachContents-Calcium"      Unit="g"  Precision="2"/>
		<DataRequest xsi:type="PhysiologyDataRequestData" Name="StomachContents-Sodium"       Unit="g"  Precision="2"/>
		<DataRequest xsi:type="PhysiologyDataRequestData" Name="StomachContents-Water"        Unit="mL" Precision="0"/>
		
		<DataRequest xsi:type="LiquidCompartmentDataRequestData" Compartment="SmallIntestineChyme"                        Name="Volume" Unit="mL" Precision="0"/>
		<DataRequest xsi:type="LiquidCompartmentDataRequestData" Compartment="SmallIntestineChyme" Substance="Glucose"    Name="Concentration"   Unit="mg/mL" Precision="4"/>
		<DataRequest xsi:type="LiquidCompartmentDataRequestData" Compartment="SmallIntestineChyme" Substance="Glucose"    Name="Mass"   Unit="mg" Precision="4"/>
		<DataRequest xsi:type="LiquidCompartmentDataRequestData" Compartment="SmallIntestineChyme" Substance="Triacylglycerol" Name="Mass"   Unit="mg" Precision="4"/>
		<DataRequest xsi:type="LiquidCompartmentDataRequestData" Compartment="SmallIntestineChyme" Substance="Calcium"    Name="Mass"   Unit="g" Precision="2"/>
		<DataRequest xsi:type="LiquidCompartmentDataRequestData" Compartment="SmallIntestineChyme" Substance="Sodium"     Name="Mass"   Unit="mg" Precision="4"/>
		<DataRequest xsi:type="LiquidCompartmentDataRequestData" Compartment="SmallIntestineChyme" Substance="Urea"       Name="Mass"   Unit="g" Precision="2"/>
		<DataRequest xsi:type="LiquidCompartmentDataRequestData" Compartment="SmallIntestineChyme" Substance="AminoAcids"       Name="Mass"   Unit="mg" Precision="4"/>
		
		<DataRequest xsi:type="LiquidCompartmentDataRequestData" Compartment="SmallIntestineVasculature"                        Name="Volume"        Unit="mL" Precision="0"/>
		<DataRequest xsi:type="LiquidCompartmentDataRequestData" Compartment="SmallIntestineVasculature"                        Name="Pressure"      Unit="mmHg" Precision="1"/>
		<DataRequest xsi:type="LiquidCompartmentDataRequestData" Compartment="SmallIntestineVasculature" Substance="Glucose"    Name="Concentration" Unit="mg/dL" Precision="1"/>
		<DataRequest xsi:type="LiquidCompartmentDataRequestData" Compartment="SmallIntestineVasculature" Substance="Triacylglycerol" Name="Concentration" Unit="mg/dL" Precision="0"/>
		<DataRequest xsi:type="LiquidCompartmentDataRequestData" Compartment="SmallIntestineVasculature" Substance="Calcium"    Name="Concentration" Unit="mg/L" Precision="1"/>
		<DataRequest xsi:type="LiquidCompartmentDataRequestData" Compartment="SmallIntestineVasculature" Substance="Sodium"     Name="Concentration" Unit="g/L" Precision="2"/>
		<DataRequest xsi:type="LiquidCompartmentDataRequestData" Compartment="SmallIntestineVasculature" Substance="Urea"       Name="Concentration" Unit="mg/dL" Precision="1"/>  
		<DataRequest xsi:type="LiquidCompartmentDataRequestData" Compartment="SmallIntestineVasculature" Substance="AminoAcids"       Name="Mass" Unit="mg" Precision="2"/>  

		<!-- Data needed for scenario condition validation -->    
	  <DataRequest xsi:type="PhysiologyDataRequestData" Name="HeartEjectionFraction" Precision="3"/>
    <DataRequest xsi:type="PhysiologyDataRequestData" Name="SystemicVascularResistance" Unit="mmHg s/mL" Precision="3"/>
	  <DataRequest xsi:type="LiquidCompartmentDataRequestData" Compartment="Pericardium" Name="Volume"   Unit="mL" Precision="0"/>
	  <DataRequest xsi:type="LiquidCompartmentDataRequestData" Compartment="Pericardium" Name="Pressure" Unit="mmHg" Precision="2"/> 
	</DataRequests>

<Action xsi:type="AdvanceTimeData">
		<Time value="30" unit="s"/>		
	</Action>

<!-- Note: Nutrition file needs to be in order, calcium, sodium, water follow the nutrients -->
<Action xsi:type="ConsumeNutrientsData"> 
		<Nutrition>
      <Name>GoodMeal</Name>
			<Carbohydrate value="26.0" unit="g"/>
			<Fat value="30.0" unit="g"/>
			<Protein value="6.0" unit="g"/>
			<Sodium value="2.5" unit="g"/>
			<Water value="0.2" unit="L"/>
		</Nutrition>       
	</Action>   
	

<Action xsi:type="AdvanceTimeData">
		<Time value="4" unit="hr"/>		
	</Action>
</Scenario>
