<?xml version="1.0" encoding="UTF-8" standalone="no" ?>
<p1:ComprehensiveMetabolicPanel xmlns:p1="uri:/mil/tatrc/physiology/datamodel" xmlns="uri:/mil/tatrc/phsyiology/datamodel">
  <p1:Albumin readOnly="false" unit="ug/mL" value="40832.9219208611"/>
  <p1:BUN readOnly="false" unit="ug/mL" value="117.578816759108"/>
  <p1:Calcium readOnly="false" unit="ug/mL" value="55.4493030748974"/>
  <p1:Chloride readOnly="false" unit="mmol/L" value="100.934777920606"/>
  <p1:CO2 readOnly="false" unit="mmol/L" value="27.1312064626083"/>
  <p1:Creatinine readOnly="false" unit="ug/mL" value="9.30356772024634"/>
  <p1:Glucose readOnly="false" unit="ug/mL" value="926.526348414226"/>
  <p1:Potassium readOnly="false" unit="mmol/L" value="4.06483012653416"/>
  <p1:Sodium readOnly="false" unit="mmol/L" value="141.958504227491"/>
  <p1:TotalProtein readOnly="false" unit="ug/mL" value="65332.6750733777"/>
</p1:ComprehensiveMetabolicPanel>
