Time(s),StrongIonDifference,OxygenConcentration_g_Per_L,CO2Concentration_g_Per_L,OxygenSaturation,CarbonDioxideSaturation,Bicarbonate_mM,OxygenPartialPressure,CarbonDioxidePartialPressure,pH,TotalCO2_mM,TotalCO2_gPerL,TotalHemoglobin_p_Per_L,finalBoundCO2_mM
1.00,41,0,0,0,0,0,0,0,7.34,0,0,0,0
2.00,41,0.00415372,0.0062511,0.980423,0.248837,25.9555,92.0465,4.52457,7.34,28.4076,1.25022,149.996,2.31014
3.00,41,0.00029113,0.0562614,0.978994,0.249513,26.0685,6.45146,40.7222,7.34,29.6633,1.30548,149.996,2.31642
4.00,41,0.00415372,0.0505404,0.980423,0.235511,0.329816,92.0465,36.5813,7.34,3.66463,0.16128,149.99,2.18642
5.00,41,0.004287,0.05526,0.980423,0.235511,25.9986,95,39.9974,7.34,27.2543,1.19946,0,0
