Time(s),PatientAge(yr),PatientWeight(kg),PatientHeight(in),PatientBodyDensity(g/cm^3),PatientBodyFatFraction,PatientLeanBodyMass(kg),PatientAlveoliSurfaceArea(m^2),PatientRightLungRatio,PatientSkinSurfaceArea(m^2),PatientBasalMetabolicRate(kcal/day),PatientBloodVolumeBaseline(mL),PatientDiastolicArterialPressureBaseline(mmHg),PatientHeartRateBaseline(1/min),PatientMeanArterialPressureBaseline(mmHg),PatientRespirationRateBaseline(1/min),PatientSystolicArterialPressureBaseline(mmHg),PatientTidalVolumeBaseline(mL),PatientHeartRateMaximum(1/min),PatientHeartRateMinimum(1/min),PatientExpiratoryReserveVolume(mL),PatientFunctionalResidualCapacity(mL),PatientInspiratoryCapacity(mL),PatientInspiratoryReserveVolume(mL),PatientResidualVolume(mL),PatientTotalLungCapacity(mL),PatientVitalCapacity(mL),TotalMetabolicRate(kcal/day),BloodVolume(mL),DiastolicArterialPressure(mmHg),HeartRate(1/min),MeanArterialPressure(mmHg),RespirationRate(1/min),SystolicArterialPressure(mmHg),TidalVolume(mL)
0.02,44,77.6,71,1.1,0.210,61.3,70,0.53,1.97,1737,5478,72.8778,73,94.4733,16,113.8242,490,177,0.001,1131,2365,3804,3314,1234,6169,4935,1737,5456.2454,72.8911,73,94.4934,16,113.8613,487
0.04,44,77.6,71,1.1,0.210,61.3,70,0.53,1.97,1737,5478,72.8778,73,94.4733,16,113.8242,490,177,0.001,1131,2365,3804,3314,1234,6169,4935,1737,5456.2450,72.8911,73,94.4934,16,113.8613,487
0.06,44,77.6,71,1.1,0.210,61.3,70,0.53,1.97,1737,5478,72.8778,73,94.4733,16,113.8242,490,177,0.001,1131,2365,3804,3314,1234,6169,4935,1737,5456.2446,72.8911,120,94.4934,16,113.8613,487
0.08,44,77.6,71,1.1,0.210,61.3,70,0.53,1.97,1737,5478,72.8778,73,94.4733,16,113.8242,490,177,0.001,1131,2365,3804,3314,1234,6169,4935,1737,5456.2441,72.8911,120,94.4934,16,113.8613,487
0.10,44,77.6,71,1.1,0.210,61.3,70,0.53,1.97,1737,5478,72.8778,73,94.4733,16,113.8242,490,177,0.001,1131,2365,3804,3314,1234,6169,4935,1737,5456.2435,72.8911,120,94.4934,16,113.8613,487
0.12,44,77.6,71,1.1,0.210,61.3,70,0.53,1.97,1737,5478,72.8778,73,94.4733,16,113.8242,490,177,0.001,1131,2365,3804,3314,1234,6169,4935,1737,5456.2429,72.8911,120,94.4934,16,113.8613,487
