<?xml version="1.0" encoding="UTF-8"?>
<Scenario xmlns="uri:/mil/tatrc/physiology/datamodel" xmlns:xsi="http://www.w3.org/2001/XMLSchema-instance" contentVersion="BioGears_6.3.0-beta" xsi:schemaLocation="">
    <Name>12hrFast</Name>
    <Description>Patient starts off with default stomach meal and then goes 12 hours wih no food</Description>
    <InitialParameters><PatientFile>StandardMale.xml</PatientFile></InitialParameters>
	
	<!-- Base system data required for all scenario verification -->
  <DataRequests SamplesPerSecond="3.0">
  <DataRequest xsi:type="PatientDataRequestData"    Name="Weight"                            Unit="kg"           Precision="1"/>
  <DataRequest xsi:type="PhysiologyDataRequestData" Name="HeartRate"                         Unit="1/min"       Precision="2"/>
	<DataRequest xsi:type="PhysiologyDataRequestData" Name="HeartStrokeVolume"                 Unit="mL"          Precision="1"/>
	<DataRequest xsi:type="PhysiologyDataRequestData" Name="BloodVolume"                       Unit="L"          Precision="2"/>	
	<DataRequest xsi:type="PhysiologyDataRequestData" Name="ExtravascularFluidVolume"          Unit="L"          Precision="1"/>
	<DataRequest xsi:type="PhysiologyDataRequestData" Name="ArterialPressure"                  Unit="mmHg"        Precision="1"/>
	<DataRequest xsi:type="PhysiologyDataRequestData" Name="MeanArterialPressure"              Unit="mmHg"        Precision="1"/>
	<DataRequest xsi:type="PhysiologyDataRequestData" Name="SystolicArterialPressure"          Unit="mmHg"        Precision="0"/>
  <DataRequest xsi:type="PhysiologyDataRequestData" Name="DiastolicArterialPressure"         Unit="mmHg"        Precision="1"/>
	<DataRequest xsi:type="PhysiologyDataRequestData" Name="CardiacOutput"                     Unit="L/min"      Precision="2"/>
	<DataRequest xsi:type="PhysiologyDataRequestData" Name="HemoglobinContent"                 Unit="g"           Precision="0"/>
	<DataRequest xsi:type="PhysiologyDataRequestData" Name="CentralVenousPressure"             Unit="mmHg"        Precision="2"/>
	<DataRequest xsi:type="PhysiologyDataRequestData" Name="PulmonaryCapillariesWedgePressure" Unit="mmHg"        Precision="2"/>
  <DataRequest xsi:type="PhysiologyDataRequestData" Name="RespirationRate"                   Unit="1/min"       Precision="2"/>
  <DataRequest xsi:type="PhysiologyDataRequestData" Name="OxygenSaturation"                  Unit="unitless"    Precision="3"/>
	<DataRequest xsi:type="PhysiologyDataRequestData" Name="CarbonDioxideSaturation"           Unit="unitless"    Precision="3"/>
  <DataRequest xsi:type="PhysiologyDataRequestData" Name="TidalVolume"                       Unit="mL"          Precision="0"/>
  <DataRequest xsi:type="PhysiologyDataRequestData" Name="TotalLungVolume"                   Unit="L"          Precision="2"/>
	<DataRequest xsi:type="PhysiologyDataRequestData" Name="EndTidalCarbonDioxideFraction"     Unit="unitless"    Precision="4"/>
	<DataRequest xsi:type="PhysiologyDataRequestData" Name="TotalAlveolarVentilation"          Unit="L/min"       Precision="2"/>
	<DataRequest xsi:type="PhysiologyDataRequestData" Name="TranspulmonaryPressure"            Unit="cmH2O"       Precision="2"/>
	<DataRequest xsi:type="PhysiologyDataRequestData" Name="RespiratoryExchangeRatio"          Unit="unitless"    Precision="3"/>
	<DataRequest xsi:type="PhysiologyDataRequestData" Name="CoreTemperature"                   Unit="degC"        Precision="1"/>
	<DataRequest xsi:type="PhysiologyDataRequestData" Name="SkinTemperature"                   Unit="degC"        Precision="1"/>
	<DataRequest xsi:type="PhysiologyDataRequestData" Name="GlomerularFiltrationRate"          Unit="mL/min"      Precision="0"/> 
	<DataRequest xsi:type="PhysiologyDataRequestData" Name="RenalBloodFlow"                    Unit="L/min"      Precision="2"/>
	<DataRequest xsi:type="PhysiologyDataRequestData" Name="UrineProductionRate"               Unit="mL/min"      Precision="3"/>
	<DataRequest xsi:type="PhysiologyDataRequestData" Name="LeftAfferentArterioleResistance"   Unit="mmHg min/mL" Precision="4"/>
	<DataRequest xsi:type="PhysiologyDataRequestData" Name="RightAfferentArterioleResistance"  Unit="mmHg min/mL" Precision="4"/>
	<DataRequest xsi:type="PhysiologyDataRequestData" Name="OxygenConsumptionRate"             Unit="mL/min"      Precision="3"/>
	<DataRequest xsi:type="PhysiologyDataRequestData" Name="CarbonDioxideProductionRate"       Unit="mL/min"      Precision="3"/>
    
	<DataRequest xsi:type="GasCompartmentDataRequestData" Compartment="LeftAlveoli"                            Name="Pressure"        Unit="cmH2O" Precision="0"/>
	<DataRequest xsi:type="GasCompartmentDataRequestData" Compartment="LeftAlveoli"  Substance="Oxygen"        Name="PartialPressure" Unit="mmHg"  Precision="0"/>
	<DataRequest xsi:type="GasCompartmentDataRequestData" Compartment="LeftAlveoli"  Substance="CarbonDioxide" Name="PartialPressure" Unit="mmHg"  Precision="1"/>
	<DataRequest xsi:type="GasCompartmentDataRequestData" Compartment="RightAlveoli"                           Name="Pressure"        Unit="cmH2O" Precision="0"/>
 	<DataRequest xsi:type="GasCompartmentDataRequestData" Compartment="RightAlveoli" Substance="Oxygen"        Name="PartialPressure" Unit="mmHg"  Precision="0"/>
	<DataRequest xsi:type="GasCompartmentDataRequestData" Compartment="RightAlveoli" Substance="CarbonDioxide" Name="PartialPressure" Unit="mmHg"  Precision="1"/>
	<DataRequest xsi:type="GasCompartmentDataRequestData" Compartment="Trachea"       Substance="Oxygen"        Name="PartialPressure" Unit="cmH2O" Precision="0"/>
	<DataRequest xsi:type="GasCompartmentDataRequestData" Compartment="Trachea"       Substance="CarbonDioxide" Name="PartialPressure" Unit="cmH2O" Precision="1"/>
	
	<DataRequest xsi:type="LiquidCompartmentDataRequestData" Compartment="Aorta"     Substance="Oxygen"        Name="PartialPressure" Unit="mmHg" Precision="1"/>
	<DataRequest xsi:type="LiquidCompartmentDataRequestData" Compartment="Aorta"     Substance="CarbonDioxide" Name="PartialPressure" Unit="mmHg" Precision="1"/>
	<DataRequest xsi:type="LiquidCompartmentDataRequestData" Compartment="VenaCava"  Substance="Oxygen"        Name="PartialPressure" Unit="mmHg" Precision="1"/>
	<DataRequest xsi:type="LiquidCompartmentDataRequestData" Compartment="VenaCava"  Substance="CarbonDioxide" Name="PartialPressure" Unit="mmHg" Precision="1"/>
	
	<DataRequest xsi:type="LiquidCompartmentDataRequestData" Compartment="RightTubules" Substance="Sodium"        Name="Concentration" Unit="g/L" Precision="2"/>
	<DataRequest xsi:type="LiquidCompartmentDataRequestData" Compartment="LeftTubules"  Substance="Sodium"        Name="Concentration" Unit="g/L" Precision="2"/>
	
	<DataRequest xsi:type="SubstanceDataRequestData"  Substance="Oxygen"         Name="AlveolarTransfer" Unit="mL/s" Precision="2"/>
	<DataRequest xsi:type="SubstanceDataRequestData"  Substance="CarbonDioxide"  Name="AlveolarTransfer" Unit="mL/s" Precision="2"/>
	
	<DataRequest Substance="Epinephrine" Name="BloodConcentration" xsi:type="SubstanceDataRequestData" Unit="ug/L" Precision="6"/>
	  <DataRequest xsi:type="PhysiologyDataRequestData" Name="LiverGlycogen" Unit="g" Precision="2"/>
  <DataRequest xsi:type="PhysiologyDataRequestData" Name="MuscleGlycogen" Unit="g" Precision="2"/>
	
	<!-- Anything action specific data needed for verification of this scenario -->
	<DataRequest xsi:type="PhysiologyDataRequestData" Name="ArterialBloodPH" Precision="2"/>
  <DataRequest xsi:type="PhysiologyDataRequestData" Name="SweatRate" Unit="mg/min" Precision="2"/>
	
	<DataRequest xsi:type="PhysiologyDataRequestData" Name="ChymeAbsorptionRate"            Unit="mL/min" Precision="2"/>
  <DataRequest xsi:type="PhysiologyDataRequestData" Name="BloodUreaNitrogenConcentration" Unit="ug/mL" Precision="2"/>
  	
  <DataRequest xsi:type="SubstanceDataRequestData" Substance="Ketones" Name="BloodConcentration" Unit="mg/L"  Precision="3"/>
	<DataRequest xsi:type="SubstanceDataRequestData" Substance="Albumin"      Name="BloodConcentration"  Unit="g/dL" Precision="1"/>
	<DataRequest xsi:type="SubstanceDataRequestData" Substance="Bicarbonate"  Name="BloodConcentration"  Unit="g/dL" Precision="3"/>
	<DataRequest xsi:type="SubstanceDataRequestData" Substance="Calcium"      Name="BloodConcentration"  Unit="mg/L" Precision="2"/>
	<DataRequest xsi:type="SubstanceDataRequestData" Substance="Chloride"     Name="BloodConcentration"  Unit="g/L"  Precision="4"/>
	<DataRequest xsi:type="SubstanceDataRequestData" Substance="Creatinine"   Name="BloodConcentration"  Unit="mg/L" Precision="1"/>
	<DataRequest xsi:type="SubstanceDataRequestData" Substance="Globulin"     Name="BloodConcentration"  Unit="g/dL" Precision="1"/>
	<DataRequest xsi:type="SubstanceDataRequestData" Substance="Glucose"      Name="BloodConcentration"  Unit="mg/dL" Precision="1"/>
	<DataRequest xsi:type="SubstanceDataRequestData" Substance="Hemoglobin"   Name="BloodConcentration"  Unit="g/dL" Precision="2"/>
	<DataRequest xsi:type="SubstanceDataRequestData" Substance="Insulin"      Name="BloodConcentration"  Unit="ug/L" Precision="3"/>
	<DataRequest xsi:type="SubstanceDataRequestData" Substance="Lactate"      Name="BloodConcentration"  Unit="mg/L" Precision="3"/>
	<DataRequest xsi:type="SubstanceDataRequestData" Substance="Potassium"    Name="BloodConcentration"  Unit="mg/L" Precision="2"/>
	<DataRequest xsi:type="SubstanceDataRequestData" Substance="Sodium"       Name="BloodConcentration"  Unit="g/dL" Precision="3"/>
	<DataRequest xsi:type="SubstanceDataRequestData" Substance="Triacylglycerol"   Name="BloodConcentration"  Unit="mg/dL" Precision="0"/>
	<DataRequest xsi:type="SubstanceDataRequestData" Substance="Urea"         Name="BloodConcentration"  Unit="mg/dL" Precision="2"/>
  
	<DataRequest xsi:type="SubstanceDataRequestData" Substance="Epinephrine"    Name="BloodConcentration" Unit="ug/L" Precision="4"/>
	
	<DataRequest xsi:type="PhysiologyDataRequestData" Name="StomachContents-Carbohydrate" Unit="g"  Precision="2"/>
	<DataRequest xsi:type="PhysiologyDataRequestData" Name="StomachContents-Fat"          Unit="g"  Precision="2"/>
	<DataRequest xsi:type="PhysiologyDataRequestData" Name="StomachContents-Protein"      Unit="g"  Precision="2"/>
	<DataRequest xsi:type="PhysiologyDataRequestData" Name="StomachContents-Calcium"      Unit="g"  Precision="2"/>
	<DataRequest xsi:type="PhysiologyDataRequestData" Name="StomachContents-Sodium"       Unit="g"  Precision="2"/>
	<DataRequest xsi:type="PhysiologyDataRequestData" Name="StomachContents-Water"        Unit="mL" Precision="0"/>
	
	<DataRequest xsi:type="LiquidCompartmentDataRequestData" Compartment="SmallIntestineChyme"                        Name="Volume" Unit="mL" Precision="0"/>
	<DataRequest xsi:type="LiquidCompartmentDataRequestData" Compartment="SmallIntestineChyme" Substance="Glucose"    Name="Mass"   Unit="g" Precision="2"/>
	<DataRequest xsi:type="LiquidCompartmentDataRequestData" Compartment="SmallIntestineChyme" Substance="Triacylglycerol" Name="Mass"   Unit="g" Precision="2"/>
	<DataRequest xsi:type="LiquidCompartmentDataRequestData" Compartment="SmallIntestineChyme" Substance="Calcium"    Name="Mass"   Unit="g" Precision="2"/>
	<DataRequest xsi:type="LiquidCompartmentDataRequestData" Compartment="SmallIntestineChyme" Substance="Sodium"     Name="Mass"   Unit="g" Precision="2"/>
	<DataRequest xsi:type="LiquidCompartmentDataRequestData" Compartment="SmallIntestineChyme" Substance="Urea"       Name="Mass"   Unit="g" Precision="2"/>
	
	<DataRequest xsi:type="LiquidCompartmentDataRequestData" Compartment="SmallIntestineVasculature"                        Name="Volume"        Unit="mL" Precision="0"/>
	<DataRequest xsi:type="LiquidCompartmentDataRequestData" Compartment="SmallIntestineVasculature"                        Name="Pressure"      Unit="mmHg" Precision="1"/>
	<DataRequest xsi:type="LiquidCompartmentDataRequestData" Compartment="SmallIntestineVasculature" Substance="Glucose"    Name="Concentration" Unit="mg/dL" Precision="1"/>
	<DataRequest xsi:type="LiquidCompartmentDataRequestData" Compartment="SmallIntestineVasculature" Substance="Triacylglycerol" Name="Concentration" Unit="mg/dL" Precision="0"/>
	<DataRequest xsi:type="LiquidCompartmentDataRequestData" Compartment="SmallIntestineVasculature" Substance="Calcium"    Name="Concentration" Unit="mg/L" Precision="1"/>
	<DataRequest xsi:type="LiquidCompartmentDataRequestData" Compartment="SmallIntestineVasculature" Substance="Sodium"     Name="Concentration" Unit="g/L" Precision="2"/>
	<DataRequest xsi:type="LiquidCompartmentDataRequestData" Compartment="SmallIntestineVasculature" Substance="Urea"       Name="Concentration" Unit="mg/dL" Precision="1"/>
	
	<DataRequest xsi:type="LiquidCompartmentDataRequestData" Compartment="Bladder"                         Name="Volume"        Unit="mL" Precision="0"/>
	<DataRequest xsi:type="LiquidCompartmentDataRequestData" Compartment="Bladder"      Substance="Sodium" Name="Concentration" Unit="g/mL" Precision="2"/>		
	
	<DataRequest xsi:type="SubstanceDataRequestData" Substance="Glucose" Name="MassInBody"   Unit="mg" Precision="0"/>
	<DataRequest xsi:type="SubstanceDataRequestData" Substance="Glucose" Name="MassInTissue" Unit="mg" Precision="0"/>
	<DataRequest xsi:type="SubstanceDataRequestData" Substance="Glucose" Name="MassInBlood"  Unit="mg" Precision="0"/>
	
	<DataRequest xsi:type="SubstanceDataRequestData" Substance="Triacylglycerol" Name="MassInBody"   Unit="mg" Precision="0"/>
	<DataRequest xsi:type="SubstanceDataRequestData" Substance="Triacylglycerol" Name="MassInTissue" Unit="mg" Precision="0"/>
	<DataRequest xsi:type="SubstanceDataRequestData" Substance="Triacylglycerol" Name="MassInBlood"  Unit="mg" Precision="0"/>
	
	<DataRequest xsi:type="SubstanceDataRequestData" Substance="Calcium" Name="MassInBody"   Unit="mg" Precision="0"/>
	<DataRequest xsi:type="SubstanceDataRequestData" Substance="Calcium" Name="MassInTissue" Unit="mg" Precision="0"/>
	<DataRequest xsi:type="SubstanceDataRequestData" Substance="Calcium" Name="MassInBlood"  Unit="mg" Precision="0"/>
	
	<DataRequest xsi:type="SubstanceDataRequestData" Substance="Sodium" Name="MassInBody"   Unit="mg" Precision="0"/>
	<DataRequest xsi:type="SubstanceDataRequestData" Substance="Sodium" Name="MassInTissue" Unit="mg" Precision="0"/>
	<DataRequest xsi:type="SubstanceDataRequestData" Substance="Sodium" Name="MassInBlood"  Unit="mg" Precision="0"/>
	
	<DataRequest xsi:type="SubstanceDataRequestData" Substance="Urea" Name="MassInBody"   Unit="mg" Precision="0"/>
	<DataRequest xsi:type="SubstanceDataRequestData" Substance="Urea" Name="MassInTissue" Unit="mg" Precision="0"/>
	<DataRequest xsi:type="SubstanceDataRequestData" Substance="Urea" Name="MassInBlood"  Unit="mg" Precision="0"/>
	
	<DataRequest xsi:type="SubstanceDataRequestData" Substance="Lactate" Name="MassInBody"   Unit="mg" Precision="0"/>
	<DataRequest xsi:type="SubstanceDataRequestData" Substance="Lactate" Name="MassInTissue" Unit="mg" Precision="0"/>
	<DataRequest xsi:type="SubstanceDataRequestData" Substance="Lactate" Name="MassInBlood"  Unit="mg" Precision="0"/>
  </DataRequests>
	
	<Action xsi:type="AdvanceTimeData">
        <Time value="12" unit="hr"/>       
    </Action>		
</Scenario>
