<?xml version="1.0" encoding="UTF-8"?>
<Scenario xmlns="uri:/mil/tatrc/physiology/datamodel" xmlns:xsi="http://www.w3.org/2001/XMLSchema-instance" contentVersion="BioGears_6.3.0-beta" xsi:schemaLocation="">
  <Name>StabilityTest</Name>
  <Description>Do a bunch of stuff together to test the stability of the engine</Description>
  <InitialParameters>
  	<PatientFile>StandardMale.xml</PatientFile>
  	<Condition xsi:type="LobarPneumoniaData">
  		<Severity   value="0.05"/>
  		<LeftLungAffected    value="1.0"/>
  		<RightLungAffected   value="1.0"/>
  	</Condition> 
  	<Condition xsi:type="ChronicObstructivePulmonaryDiseaseData">
  		<BronchitisSeverity  value="0.1"/>
  		<EmphysemaSeverity   value="0.1"/>
  	</Condition>   
  	<Condition xsi:type="ChronicRenalStenosisData">
  		<LeftKidneySeverity value="0.1"/>
  		<RightKidneySeverity value="0.05"/>
  	</Condition>    
  	<Condition xsi:type="ChronicVentricularSystolicDysfunctionData"/>
  	<Condition xsi:type="ChronicAnemiaData">
  		<ReductionFactor value="0.1"/>
  	</Condition>
  	<Condition xsi:type="ChronicPericardialEffusionData">
  		<AccumulatedVolume value="50" unit="mL"/>
  	</Condition>
  </InitialParameters>
  
  <!-- Base system data required for all scenario verification -->
  <DataRequests>
  <DataRequest xsi:type="PatientDataRequestData"    Name="Weight"                            Unit="kg"           Precision="1"/>
  
  <DataRequest xsi:type="PhysiologyDataRequestData" Name="HeartRate"                         Unit="1/min"       Precision="2"/>
  <DataRequest xsi:type="PhysiologyDataRequestData" Name="HeartStrokeVolume"                 Unit="mL"          Precision="1"/>
  <DataRequest xsi:type="PhysiologyDataRequestData" Name="BloodVolume"                       Unit="L"          Precision="2"/>	
  <DataRequest xsi:type="PhysiologyDataRequestData" Name="ExtravascularFluidVolume"          Unit="L"          Precision="1"/>
  <DataRequest xsi:type="PhysiologyDataRequestData" Name="ArterialPressure"                  Unit="mmHg"        Precision="1"/>
  <DataRequest xsi:type="PhysiologyDataRequestData" Name="MeanArterialPressure"              Unit="mmHg"        Precision="1"/>
  <DataRequest xsi:type="PhysiologyDataRequestData" Name="SystolicArterialPressure"          Unit="mmHg"        Precision="0"/>
  <DataRequest xsi:type="PhysiologyDataRequestData" Name="DiastolicArterialPressure"         Unit="mmHg"        Precision="1"/>
  <DataRequest xsi:type="PhysiologyDataRequestData" Name="CardiacOutput"                     Unit="L/min"      Precision="2"/>
  <DataRequest xsi:type="PhysiologyDataRequestData" Name="HemoglobinContent"                 Unit="g"           Precision="0"/>
  <DataRequest xsi:type="PhysiologyDataRequestData" Name="CentralVenousPressure"             Unit="mmHg"        Precision="2"/>
  <DataRequest xsi:type="PhysiologyDataRequestData" Name="PulmonaryCapillariesWedgePressure" Unit="mmHg"        Precision="2"/>
  
  <DataRequest xsi:type="PhysiologyDataRequestData" Name="TidalVolume"                       Unit="mL"          Precision="3"/>
  <DataRequest xsi:type="PhysiologyDataRequestData" Name="TotalLungVolume"                   Unit="L"          Precision="2"/>
  <DataRequest xsi:type="PhysiologyDataRequestData" Name="RespirationRate"                   Unit="1/min"       Precision="2"/>
  <DataRequest xsi:type="PhysiologyDataRequestData" Name="OxygenSaturation"                  Unit="unitless"    Precision="3"/>
  <DataRequest xsi:type="PhysiologyDataRequestData" Name="CarbonDioxideSaturation"           Unit="unitless"    Precision="3"/>  
  <DataRequest xsi:type="PhysiologyDataRequestData" Name="EndTidalCarbonDioxideFraction"     Unit="unitless"    Precision="4"/>
  <DataRequest xsi:type="PhysiologyDataRequestData" Name="TotalAlveolarVentilation"          Unit="L/min"       Precision="2"/>  
  <DataRequest xsi:type="PhysiologyDataRequestData" Name="TranspulmonaryPressure"            Unit="cmH2O"       Precision="2"/>
  
  <DataRequest xsi:type="PhysiologyDataRequestData" Name="CoreTemperature"                   Unit="degC"        Precision="1"/>
  <DataRequest xsi:type="PhysiologyDataRequestData" Name="SkinTemperature"                   Unit="degC"        Precision="1"/>
  
  <DataRequest xsi:type="PhysiologyDataRequestData" Name="RespiratoryExchangeRatio"          Unit="unitless"    Precision="3"/>
  <DataRequest xsi:type="PhysiologyDataRequestData" Name="OxygenConsumptionRate"             Unit="mL/min"      Precision="3"/>
  <DataRequest xsi:type="PhysiologyDataRequestData" Name="CarbonDioxideProductionRate"       Unit="mL/min"      Precision="3"/>
  
  <DataRequest xsi:type="PhysiologyDataRequestData" Name="GlomerularFiltrationRate"          Unit="mL/min"      Precision="0"/> 
  <DataRequest xsi:type="PhysiologyDataRequestData" Name="RenalBloodFlow"                    Unit="L/min"      Precision="2"/>
  <DataRequest xsi:type="PhysiologyDataRequestData" Name="UrineProductionRate"               Unit="mL/min"      Precision="3"/>
  <DataRequest xsi:type="PhysiologyDataRequestData" Name="LeftAfferentArterioleResistance"   Unit="mmHg min/mL" Precision="4"/>
  <DataRequest xsi:type="PhysiologyDataRequestData" Name="RightAfferentArterioleResistance"  Unit="mmHg min/mL" Precision="4"/>
  
  <DataRequest xsi:type="GasCompartmentDataRequestData" Compartment="LeftAlveoli"                            Name="Pressure"        Unit="cmH2O" Precision="0"/>
  <DataRequest xsi:type="GasCompartmentDataRequestData" Compartment="LeftAlveoli"  Substance="Oxygen"        Name="PartialPressure" Unit="mmHg"  Precision="0"/>
  <DataRequest xsi:type="GasCompartmentDataRequestData" Compartment="LeftAlveoli"  Substance="CarbonDioxide" Name="PartialPressure" Unit="mmHg"  Precision="1"/>
  <DataRequest xsi:type="GasCompartmentDataRequestData" Compartment="RightAlveoli"                           Name="Pressure"        Unit="cmH2O" Precision="0"/>
  <DataRequest xsi:type="GasCompartmentDataRequestData" Compartment="RightAlveoli" Substance="Oxygen"        Name="PartialPressure" Unit="mmHg"  Precision="0"/>
  <DataRequest xsi:type="GasCompartmentDataRequestData" Compartment="RightAlveoli" Substance="CarbonDioxide" Name="PartialPressure" Unit="mmHg"  Precision="1"/>
  <DataRequest xsi:type="GasCompartmentDataRequestData" Compartment="Trachea"       Substance="Oxygen"        Name="PartialPressure" Unit="cmH2O" Precision="0"/>
  <DataRequest xsi:type="GasCompartmentDataRequestData" Compartment="Trachea"       Substance="CarbonDioxide" Name="PartialPressure" Unit="cmH2O" Precision="1"/>
  
  <DataRequest xsi:type="LiquidCompartmentDataRequestData" Compartment="Aorta"     Substance="Oxygen"        Name="PartialPressure" Unit="mmHg" Precision="1"/>
  <DataRequest xsi:type="LiquidCompartmentDataRequestData" Compartment="Aorta"     Substance="CarbonDioxide" Name="PartialPressure" Unit="mmHg" Precision="1"/>
  <DataRequest xsi:type="LiquidCompartmentDataRequestData" Compartment="VenaCava"  Substance="Oxygen"        Name="PartialPressure" Unit="mmHg" Precision="1"/>
  <DataRequest xsi:type="LiquidCompartmentDataRequestData" Compartment="VenaCava"  Substance="CarbonDioxide" Name="PartialPressure" Unit="mmHg" Precision="1"/>
  
  <DataRequest xsi:type="LiquidCompartmentDataRequestData" Compartment="RightTubules" Substance="Hemoglobin"        Name="Concentration" Unit="g/L" Precision="1"/>
  <DataRequest xsi:type="LiquidCompartmentDataRequestData" Compartment="LeftTubules"  Substance="Hemoglobin"        Name="Concentration" Unit="g/L" Precision="1"/>
  
  <DataRequest xsi:type="SubstanceDataRequestData"  Substance="Oxygen"         Name="AlveolarTransfer" Unit="mL/s" Precision="2"/>
  <DataRequest xsi:type="SubstanceDataRequestData"  Substance="CarbonDioxide"  Name="AlveolarTransfer" Unit="mL/s" Precision="2"/>
  
  <DataRequest Substance="Epinephrine" Name="BloodConcentration" xsi:type="SubstanceDataRequestData" Unit="ug/L" Precision="6"/>
    <DataRequest xsi:type="PhysiologyDataRequestData" Name="LiverGlycogen" Unit="g" Precision="2"/>
  <DataRequest xsi:type="PhysiologyDataRequestData" Name="MuscleGlycogen" Unit="g" Precision="2"/>
  </DataRequests>
	
    <Action xsi:type="AdvanceTimeData">
        <Time value="30" unit="s"/>       
    </Action>
	<Action xsi:type="AirwayObstructionData">
        <Severity value="0.1"/>       
    </Action>
     <Action xsi:type="AsthmaAttackData">
        <Severity value="0.2"/>       
    </Action>
	<Action xsi:type="HemorrhageData" Compartment="VenaCava">
		<InitialRate value="150" unit="mL/min"/>
	</Action>
	<Action xsi:type="BronchoconstrictionData">
        <Severity value="0.1"/>       
    </Action>
	<Action xsi:type="AcuteStressData">
        <Severity value="0.4"/>       
    </Action>
	<Action xsi:type="ApneaData">
        <Severity value="0.3"/>       
    </Action>
    <Action xsi:type="SubstanceBolusData" AdminRoute="Intravenous">
        <Substance>Succinylcholine</Substance>
        <Concentration value="3500" unit="ug/mL"/>
        <Dose value="1" unit="mL"/>
    </Action>   
    <Action xsi:type="AdvanceTimeData">
        <Time value="1" unit="min"/>       
    </Action>
    <Action xsi:type="IntubationData" Type="RightMainstem"/>
    <Action xsi:type="AnesthesiaMachineConfigurationData">
      <Configuration>
        <Connection>Tube</Connection>
        <InletFlow value="5.0" unit="L/min"/>
        <InspiratoryExpiratoryRatio value="0.5"/>
        <OxygenFraction value="0.23"/>
        <OxygenSource>Wall</OxygenSource>
        <PositiveEndExpiredPressure value="1.0" unit="cmH2O"/>
        <PrimaryGas>Nitrogen</PrimaryGas>
        <RespiratoryRate value="16.0" unit="1/min"/>
        <VentilatorPressure value="10.5" unit="cmH2O"/>
        <OxygenBottleOne>
          <Volume value="660" unit="L"/>
        </OxygenBottleOne>
        <OxygenBottleTwo>
          <Volume value="660" unit="L"/>
        </OxygenBottleTwo>
      </Configuration>
    </Action>
    <Action xsi:type="AdvanceTimeData">
        <Time value="1" unit="min"/>       
    </Action>
    <Action xsi:type="IntubationData" Type="Tracheal"/>
    <Action xsi:type="EnvironmentChangeData">
        <Conditions>
    <Name>LocalEnvironment</Name>
			<SurroundingType>Air</SurroundingType>
			<AirVelocity value="0.0" unit="m/s"/>
			<AmbientTemperature value="22.0" unit="degC"/>
			<AtmosphericPressure value="700.0" unit="mmHg"/>
			<ClothingResistance value="3.0" unit="clo"/>
			<Emissivity value="0.9"/>
			<MeanRadiantTemperature value="22.0" unit="degC"/>
			<RelativeHumidity value="0.5"/>
			<RespirationAmbientTemperature value="22.0" unit="degC"/>
			<AmbientGas Name="Nitrogen">
				<FractionAmount value="0.816"/>
			</AmbientGas>
			<AmbientGas Name="Oxygen">
				<FractionAmount value="0.14"/>
			</AmbientGas>
			<AmbientGas Name="CarbonDioxide">
				<FractionAmount value="0.044"/>
			</AmbientGas>			
        </Conditions>
    </Action>
    <Action xsi:type="AdvanceTimeData">
        <Time value="1" unit="min"/>       
    </Action>	
    <Action xsi:type="IntubationData" Type="Off"/>
    <Action xsi:type="AnesthesiaMachineConfigurationData">
      <Configuration>
        <Connection>Mask</Connection>
      </Configuration>
    </Action>
    <Action xsi:type="ExerciseData">
        <Intensity value="0.05"/>
    </Action>
    <Action xsi:type="AdvanceTimeData">
        <Time value="1" unit="min"/>       
    </Action>	
    <Action xsi:type="MaskLeakData">
        <Severity value="0.1"/>
    </Action>
	<Action xsi:type="AdvanceTimeData">
        <Time value="1" unit="min"/>
    </Action>
	<Action xsi:type="BrainInjuryData" Type="Diffuse">
        <Severity value="0.5"/>
    </Action>
    <Action xsi:type="AdvanceTimeData">
        <Time value="1" unit="min"/>       
    </Action>
    <Action xsi:type="AnesthesiaMachineConfigurationData">
      <Configuration> 
        <Connection>Off</Connection>
      </Configuration>
    </Action>
    <Action xsi:type="AdvanceTimeData">
        <Time value="1" unit="min"/>       
    </Action>
	<Action xsi:type="AcuteStressData">
        <Severity value="0"/>       
    </Action>
    <Action xsi:type="InhalerConfigurationData">
      <Configuration>
        <Substance>Albuterol</Substance>
        <MeteredDose value="90.0" unit="ug"/>
        <NozzleLoss value="0.04"/>
      </Configuration>
    </Action>  
	<Action xsi:type="ConsciousRespirationData" AppendToPrevious="true">
		<Command xsi:type="ForcedExhaleData">
			<ExpiratoryReserveVolumeFraction value="1.0"/>
			<Period value="3.0" unit="s"/>			
		</Command>
		<Command xsi:type="UseInhalerData"/>	
		<Command xsi:type="ForcedInhaleData">
			<InspiratoryCapacityFraction value="1.0"/>
			<Period value="5.0" unit="s"/>          
		</Command> 
		<Command xsi:type="BreathHoldData">
			<Period value="10.0" unit="s"/>          
		</Command> 
		<Command xsi:type="ForcedExhaleData">
			<ExpiratoryReserveVolumeFraction value="0.0"/>
			<Period value="3.0" unit="s"/>			
		</Command>
    </Action>	
	<Action xsi:type="PatientAssessmentRequestData" Type="PulmonaryFunctionTest">
	</Action>
    <Action xsi:type="AdvanceTimeData">
		<Time value="1" unit="min"/>
	</Action>
	 <Action xsi:type="SubstanceBolusData" AdminRoute="Intravenous">
        <Substance>Morphine</Substance>
        <Concentration value="1000" unit="ug/mL"/>
        <Dose value="5" unit="mL"/>
    </Action>
    <Action xsi:type="SubstanceCompoundInfusionData">
        <SubstanceCompound>Saline</SubstanceCompound>
        <BagVolume value="500" unit="mL"/>
        <Rate value="100" unit="mL/min"/>
    </Action>
	<Action xsi:type="TensionPneumothoraxData" Type="Open" Side="Left">
        <Severity value="0.2"/>       
    </Action>
	<Action xsi:type="AdvanceTimeData">
		<Time value="1" unit="min"/>
	</Action>
	<Action xsi:type="ChestOcclusiveDressingData" Side="Left" State="On"/>
    <Action xsi:type="AdvanceTimeData">
        <Time value="1" unit="min"/>       
    </Action>
    <Action xsi:type="NeedleDecompressionData" State="On" Side="Left"/>
	<Action xsi:type="AdvanceTimeData">
        <Time value="1" unit="min"/>       
    </Action>	
	<Action xsi:type="ChestCompressionForceData"> 
		<Force value="10.0" unit="N"/>
    </Action>
	<Action xsi:type="UrinateData"/>
	<Action xsi:type="AdvanceTimeData">
        <Time value="1" unit="min"/>       
    </Action>
	<Action xsi:type="SubstanceBolusData" AdminRoute="Intravenous">
        <Substance>Furosemide</Substance>
        <Concentration value="4000" unit="ug/mL"/>
        <Dose value="10" unit="mL"/>
    </Action>
	<Action xsi:type="AdvanceTimeData">
        <Time value="1" unit="min"/>       
    </Action>
	<Action xsi:type="EnvironmentChangeData">
		<ConditionsFile>CheyenneMountainFireFighter.xml</ConditionsFile>       
	</Action>
	<Action xsi:type="AdvanceTimeData">
        <Time value="1" unit="min"/>       
    </Action>
	<Action xsi:type="MechanicalVentilationData" State="On">
		<Pressure value="10.0" unit="cmH2O"/>
		<GasFraction Name="Nitrogen">
			<FractionAmount value="0.0"/>
		</GasFraction>
		<GasFraction Name="Oxygen">
			<FractionAmount value="1.0"/>
		</GasFraction>
		<GasFraction Name="CarbonDioxide">
			<FractionAmount value="0.0"/>
		</GasFraction>		
    </Action>
	<Action xsi:type="AdvanceTimeData">
        <Time value="3" unit="s"/>       
    </Action>
	<Action xsi:type="MechanicalVentilationData" State="On">
		<Pressure value="-3.0" unit="cmH2O"/>	
    </Action>
	<Action xsi:type="AdvanceTimeData">
        <Time value="3" unit="s"/>       
    </Action>
	<Action xsi:type="MechanicalVentilationData" State="Off"> </Action>
    <Action xsi:type="AdvanceTimeData">
        <Time value="3" unit="s"/>   
	</Action>
		<Action xsi:type="AirwayObstructionData">
        <Severity value="0.0"/>       
    </Action>
     <Action xsi:type="AsthmaAttackData">
        <Severity value="0.0"/>       
    </Action>
	<Action xsi:type="HemorrhageData" Compartment="VenaCava">
		<InitialRate value="0" unit="mL/min"/>
	</Action>
    <Action xsi:type="BronchoconstrictionData">
        <Severity value="0.0"/>       
    </Action>
    <Action xsi:type="TensionPneumothoraxData" Type="Open" Side="Left">
        <Severity value="0.0"/>       
    </Action>
	<Action xsi:type="BrainInjuryData" Type="Diffuse">
        <Severity value="0.0"/>
    </Action>
	<Action xsi:type="ApneaData">
        <Severity value="0.0"/>       
    </Action>
    <Action xsi:type="AdvanceTimeData">
        <Time value="5" unit="min"/>       
    </Action>
</Scenario>


