<?xml version="1.0" encoding="UTF-8" standalone="yes"?>
<Scenario xmlns="uri:/mil/tatrc/physiology/datamodel" xmlns:xsi="http://www.w3.org/2001/XMLSchema-instance" xsi:schemaLocation="">
    <Name>Hemorrhage - moderate - blood</Name>
    <Description></Description>
    <InitialParameters>
        <PatientFile>StandardMale.xml</PatientFile>
    </InitialParameters>
    <DataRequests>
        <DataRequest xsi:type="PhysiologyDataRequestData" Name="MeanArterialPressure" Unit="mmHg"/>
        <DataRequest xsi:type="PhysiologyDataRequestData" Name="HeartRate" Unit="1/min"/>
        <DataRequest xsi:type="PhysiologyDataRequestData" Name="RespirationRate" Unit="1/min"/>
        <DataRequest xsi:type="PhysiologyDataRequestData" Name="CardiacOutput" Unit="mL/min"/>
        <DataRequest xsi:type="SubstanceDataRequestData" Substance="Epinephrine" Name="BloodConcentration" Unit="ug/mL"/>
        <DataRequest xsi:type="PhysiologyDataRequestData" Name="UrinationRate" Unit="mL/min"/>
        <DataRequest xsi:type="PhysiologyDataRequestData" Name="BloodVolume" Unit="mL"/>
        <DataRequest xsi:type="PhysiologyDataRequestData" Name="HeartStrokeVolume" Unit="mL"/>
        <DataRequest xsi:type="PhysiologyDataRequestData" Name="HemoglobinContent" Unit="g"/>
        <DataRequest xsi:type="PhysiologyDataRequestData" Name="PulsePressure" Unit="mmHg"/>
    </DataRequests>

    
<!--Read me:
	-To start a hemorrhage: provide the compartment and an initial bleeding rate
	-Valid Compartments
		-Brain
		-Aorta
		-Lung
		-Myocardium
		-Spleen
		-Liver
		-LeftKidney
		-RightKidney
		-Splanchnic
		-SmallIntestine
		-LargeIntestine
		-LeftArm
		-RightArm
		-LeftLeg
		-RightLeg
		-VenaCava
	-To stop a hemorrhage: enter target compartment with initial bleeding rate = 0
-->      
	<!--AMM team has a flat bleed rate of 100 mL/min-->
    <Action xsi:type="HemorrhageData" Compartment="RightLeg">
        <InitialRate value="100.0" unit="mL/min"/>
    </Action>
    <Action xsi:type="AdvanceTimeData">
        <Time value="3.0" unit="min"/>
    </Action>
	<!--This is a stupid high rate.  The max suggested in our documentation is 100 mL/min.  However, this value may be higher in shock situations, but this assumes
		that a large amount of fluid is being lost to the extravascular space and is not making it into the bloodstream (i.e. 3:1 rule, for every 3 L added, only 1 L 
		contributes to blood volume-->
    <Action xsi:type="SubstanceCompoundInfusionData">
        <Comment>2 units</Comment>
        <SubstanceCompound>Blood_ONegative</SubstanceCompound>
        <BagVolume value="600.0" unit="mL"/>
        <Rate value="300.0" unit="mL/min"/>
    </Action>
    <Action xsi:type="AdvanceTimeData">
        <Time value="5.0" unit="min"/>
    </Action>
</Scenario>
