<?xml version="1.0" encoding="UTF-8"?>
<Scenario xmlns="uri:/mil/tatrc/physiology/datamodel" xmlns:xsi="http://www.w3.org/2001/XMLSchema-instance" contentVersion="BioGears_6.3.0-beta" xsi:schemaLocation="">
	<Name>BasicStandard</Name>
	<Description>Patient with burn covering 50% of body surface area.  Blanket (thermal application) applied after 2 hrs </Description>
	<InitialParameters><PatientFile>StandardMale.xml</PatientFile></InitialParameters>
	<!-- <EngineStateFile>./states/StandardMale@0s.xml</EngineStateFile> -->
	<!-- Base system data required for all scenario verification -->
  <DataRequests>
    <DataRequest xsi:type="PatientDataRequestData"    Name="Weight"                            Unit="kg"           Precision="1"/>
		
		<DataRequest xsi:type="PhysiologyDataRequestData" Name="HeartRate"                         Unit="1/min"       Precision="2"/>
		<DataRequest xsi:type="PhysiologyDataRequestData" Name="BloodVolume"                       Unit="L"          Precision="2"/>	
		<DataRequest xsi:type="PhysiologyDataRequestData" Name="ExtravascularFluidVolume"          Unit="L"          Precision="1"/>
		<DataRequest xsi:type="PhysiologyDataRequestData" Name="IntracellularFluidVolume"          Unit="L"          Precision="1"/>
		<DataRequest xsi:type="PhysiologyDataRequestData" Name="ExtracellularFluidVolume"          Unit="L"          Precision="1"/>
		<DataRequest xsi:type="PhysiologyDataRequestData" Name="TotalBodyFluidVolume"          Unit="L"          Precision="1"/>
		<DataRequest xsi:type="PhysiologyDataRequestData" Name="ArterialPressure"                  Unit="mmHg"        Precision="1"/>
		<DataRequest xsi:type="PhysiologyDataRequestData" Name="MeanArterialPressure"              Unit="mmHg"        Precision="1"/>
		<DataRequest xsi:type="PhysiologyDataRequestData" Name="SystolicArterialPressure"          Unit="mmHg"        Precision="0"/>
		<DataRequest xsi:type="PhysiologyDataRequestData" Name="DiastolicArterialPressure"         Unit="mmHg"        Precision="1"/>
		<DataRequest xsi:type="PhysiologyDataRequestData" Name="CardiacOutput"                     Unit="L/min"      Precision="2"/>
		<DataRequest xsi:type="PhysiologyDataRequestData" Name="HemoglobinContent"                 Unit="g"           Precision="0"/>
		<DataRequest xsi:type="PhysiologyDataRequestData" Name="CentralVenousPressure"             Unit="mmHg"        Precision="2"/>
		<DataRequest xsi:type="PhysiologyDataRequestData" Name="Hematocrit"											  Precision="2"/>
		
		<DataRequest xsi:type="PhysiologyDataRequestData" Name="TidalVolume"                       Unit="mL"          Precision="3"/>
		<DataRequest xsi:type="PhysiologyDataRequestData" Name="TotalLungVolume"                   Unit="L"          Precision="2"/>
		<DataRequest xsi:type="PhysiologyDataRequestData" Name="RespirationRate"                   Unit="1/min"       Precision="2"/>
		<DataRequest xsi:type="PhysiologyDataRequestData" Name="OxygenSaturation"                  Unit="unitless"    Precision="3"/>
		<DataRequest xsi:type="PhysiologyDataRequestData" Name="CarbonDioxideSaturation"           Unit="unitless"    Precision="3"/>  
		<DataRequest xsi:type="PhysiologyDataRequestData" Name="EndTidalCarbonDioxideFraction"     Unit="unitless"    Precision="4"/>
		<DataRequest xsi:type="PhysiologyDataRequestData" Name="TotalAlveolarVentilation"          Unit="L/min"       Precision="2"/>  
		<DataRequest xsi:type="PhysiologyDataRequestData" Name="TranspulmonaryPressure"            Unit="cmH2O"       Precision="2"/>
		
		<DataRequest xsi:type="PhysiologyDataRequestData" Name="CoreTemperature"                   Unit="degC"        Precision="1"/>
		<DataRequest xsi:type="PhysiologyDataRequestData" Name="SkinTemperature"                   Unit="degC"        Precision="1"/>
		
		<DataRequest xsi:type="PhysiologyDataRequestData" Name="RespiratoryExchangeRatio"          Unit="unitless"    Precision="3"/>
		<DataRequest xsi:type="PhysiologyDataRequestData" Name="OxygenConsumptionRate"             Unit="mL/min"      Precision="3"/>
		<DataRequest xsi:type="PhysiologyDataRequestData" Name="CarbonDioxideProductionRate"       Unit="mL/min"      Precision="3"/>
		
		<DataRequest xsi:type="PhysiologyDataRequestData" Name="GlomerularFiltrationRate"          Unit="mL/min"      Precision="0"/> 
		<DataRequest xsi:type="PhysiologyDataRequestData" Name="RenalBloodFlow"                    Unit="L/min"      Precision="2"/>
		<DataRequest xsi:type="PhysiologyDataRequestData" Name="UrineProductionRate"               Unit="mL/min"      Precision="3"/>
        <DataRequest xsi:type="PhysiologyDataRequestData" Name="MeanUrineOutput"               Unit="mL/hr"      Precision="3"/>
		
		
		<DataRequest xsi:type="LiquidCompartmentDataRequestData" Compartment="Aorta"     Substance="Oxygen"        Name="PartialPressure" Unit="mmHg" Precision="1"/>
		<DataRequest xsi:type="LiquidCompartmentDataRequestData" Compartment="Aorta"     Substance="CarbonDioxide" Name="PartialPressure" Unit="mmHg" Precision="1"/>
		<DataRequest xsi:type="LiquidCompartmentDataRequestData" Compartment="VenaCava"  Substance="Oxygen"        Name="PartialPressure" Unit="mmHg" Precision="1"/>
		<DataRequest xsi:type="LiquidCompartmentDataRequestData" Compartment="VenaCava"  Substance="CarbonDioxide" Name="PartialPressure" Unit="mmHg" Precision="1"/>
		
		<DataRequest xsi:type="LiquidCompartmentDataRequestData" Compartment="RightTubules" Substance="Sodium"        Name="Concentration" Unit="g/L" Precision="2"/>
		<DataRequest xsi:type="LiquidCompartmentDataRequestData" Compartment="LeftTubules"  Substance="Sodium"        Name="Concentration" Unit="g/L" Precision="2"/>
		<DataRequest xsi:type="PhysiologyDataRequestData" Name="SystemicVascularResistance" Unit="mmHg s/mL" Precision="3"/>

		<!--Inflammation Testing-->
		<DataRequest xsi:type="PhysiologyDataRequestData" Name="InflammatoryResponse-TissueIntegrity" Precision = "3"/>	
		<DataRequest xsi:type="PhysiologyDataRequestData" Name="InflammatoryResponse-Trauma" Precision = "3"/>
		<DataRequest xsi:type="PhysiologyDataRequestData" Name="InflammatoryResponse-ConstitutiveNOS" Precision = "3"/>
		<DataRequest xsi:type="PhysiologyDataRequestData" Name="InflammatoryResponse-InducibleNOSPre" Precision = "3"/>
		<DataRequest xsi:type="PhysiologyDataRequestData" Name="InflammatoryResponse-InducibleNOS" Precision = "3"/>
		<DataRequest xsi:type="PhysiologyDataRequestData" Name="InflammatoryResponse-MacrophageResting" Precision = "3"/>
		<DataRequest xsi:type="PhysiologyDataRequestData" Name="InflammatoryResponse-MacrophageActive" Precision = "3"/>
		<DataRequest xsi:type="PhysiologyDataRequestData" Name="InflammatoryResponse-NeutrophilActive" Precision = "3"/>
		<DataRequest xsi:type="PhysiologyDataRequestData" Name="InflammatoryResponse-NeutrophilResting" Precision = "3"/>
		<DataRequest xsi:type="PhysiologyDataRequestData" Name="InflammatoryResponse-Interleukin6" Precision = "3"/>
		<DataRequest xsi:type="PhysiologyDataRequestData" Name="InflammatoryResponse-Interleukin10" Precision = "3"/>
		<DataRequest xsi:type="PhysiologyDataRequestData" Name="InflammatoryResponse-Interleukin12" Precision = "3"/>
		<DataRequest xsi:type="PhysiologyDataRequestData" Name="InflammatoryResponse-Nitrate" Precision = "3"/>
		<DataRequest xsi:type="PhysiologyDataRequestData" Name="InflammatoryResponse-NitricOxide" Precision = "3"/>
		<DataRequest xsi:type="PhysiologyDataRequestData" Name="InflammatoryResponse-TumorNecrosisFactor" Precision = "3"/>
		
		<DataRequest xsi:type="EnvironmentDataRequestData" Name="RadiativeHeatLoss" Unit="W" Precision="2"/>
		<DataRequest xsi:type="EnvironmentDataRequestData" Name="ConvectiveHeatLoss" Unit="W" Precision="2"/>
		<DataRequest xsi:type="EnvironmentDataRequestData" Name="EvaporativeHeatLoss" Unit="W" Precision="2"/>

	  
	</DataRequests>
	
	<Action xsi:type="BurnWoundData">
		<TotalBodySurfaceArea value="0.50"/>
	</Action>
	<Action xsi:type="AdvanceTimeData">
		<Time value="2" unit="hr"/>		
	</Action>
	<Action xsi:type="ThermalApplicationData" AppendToPrevious="true">
		<ActiveHeating>
			  <Power value="500" unit="W"/> 
			  <SurfaceAreaFraction value="0.5" unit="unitless"/> 			
		</ActiveHeating>
    </Action>
	<Action xsi:type="AdvanceTimeData">
		<Time value="60" unit="min"/>		
	</Action>
	
</Scenario>
