<?xml version="1.0" encoding="UTF-8"?>
<Scenario xmlns="uri:/mil/tatrc/physiology/datamodel" xmlns:xsi="http://www.w3.org/2001/XMLSchema-instance" contentVersion="BioGears_6.3.0-beta" xsi:schemaLocation="">
    <Name>Albuterol</Name>
    <Description>Albuterol inhalation by the patient!</Description>
    <InitialParameters><PatientFile>StandardMale.xml</PatientFile></InitialParameters>
    
	<!-- Base system data required for all scenario verification -->
  <DataRequests>
  <DataRequest xsi:type="PatientDataRequestData"    Name="Weight"                            Unit="kg"           Precision="1"/>
  <DataRequest xsi:type="PhysiologyDataRequestData" Name="HeartRate"                         Unit="1/min"       Precision="2"/>
	<DataRequest xsi:type="PhysiologyDataRequestData" Name="HeartStrokeVolume"                 Unit="mL"          Precision="1"/>
	<DataRequest xsi:type="PhysiologyDataRequestData" Name="BloodVolume"                       Unit="L"          Precision="2"/>	
	<DataRequest xsi:type="PhysiologyDataRequestData" Name="ExtravascularFluidVolume"          Unit="L"          Precision="1"/>
	<DataRequest xsi:type="PhysiologyDataRequestData" Name="ArterialPressure"                  Unit="mmHg"        Precision="1"/>
	<DataRequest xsi:type="PhysiologyDataRequestData" Name="MeanArterialPressure"              Unit="mmHg"        Precision="1"/>
	<DataRequest xsi:type="PhysiologyDataRequestData" Name="SystolicArterialPressure"          Unit="mmHg"        Precision="0"/>
  <DataRequest xsi:type="PhysiologyDataRequestData" Name="DiastolicArterialPressure"         Unit="mmHg"        Precision="1"/>
	<DataRequest xsi:type="PhysiologyDataRequestData" Name="CardiacOutput"                     Unit="L/min"      Precision="2"/>
	<DataRequest xsi:type="PhysiologyDataRequestData" Name="HemoglobinContent"                 Unit="g"           Precision="0"/>
	<DataRequest xsi:type="PhysiologyDataRequestData" Name="CentralVenousPressure"             Unit="mmHg"        Precision="2"/>
	<DataRequest xsi:type="PhysiologyDataRequestData" Name="PulmonaryCapillariesWedgePressure" Unit="mmHg"        Precision="2"/>
  <DataRequest xsi:type="PhysiologyDataRequestData" Name="RespirationRate"                   Unit="1/min"       Precision="2"/>
  <DataRequest xsi:type="PhysiologyDataRequestData" Name="OxygenSaturation"                  Unit="unitless"    Precision="3"/>
	<DataRequest xsi:type="PhysiologyDataRequestData" Name="CarbonDioxideSaturation"           Unit="unitless"    Precision="3"/>
  <DataRequest xsi:type="PhysiologyDataRequestData" Name="TidalVolume"                       Unit="mL"          Precision="0"/>
  <DataRequest xsi:type="PhysiologyDataRequestData" Name="TotalLungVolume"                   Unit="L"          Precision="2"/>
	<DataRequest xsi:type="PhysiologyDataRequestData" Name="EndTidalCarbonDioxideFraction"     Unit="unitless"    Precision="4"/>
	<DataRequest xsi:type="PhysiologyDataRequestData" Name="TotalAlveolarVentilation"          Unit="L/min"       Precision="2"/>
	<DataRequest xsi:type="PhysiologyDataRequestData" Name="TranspulmonaryPressure"            Unit="cmH2O"       Precision="2"/>
	<DataRequest xsi:type="PhysiologyDataRequestData" Name="RespiratoryExchangeRatio"          Unit="unitless"    Precision="3"/>
	<DataRequest xsi:type="PhysiologyDataRequestData" Name="CoreTemperature"                   Unit="degC"        Precision="1"/>
	<DataRequest xsi:type="PhysiologyDataRequestData" Name="SkinTemperature"                   Unit="degC"        Precision="1"/>
	<DataRequest xsi:type="PhysiologyDataRequestData" Name="GlomerularFiltrationRate"          Unit="mL/min"      Precision="0"/> 
	<DataRequest xsi:type="PhysiologyDataRequestData" Name="RenalBloodFlow"                    Unit="L/min"      Precision="2"/>
	<DataRequest xsi:type="PhysiologyDataRequestData" Name="UrineProductionRate"               Unit="mL/min"      Precision="3"/>
	<DataRequest xsi:type="PhysiologyDataRequestData" Name="LeftAfferentArterioleResistance"   Unit="mmHg min/mL" Precision="4"/>
	<DataRequest xsi:type="PhysiologyDataRequestData" Name="RightAfferentArterioleResistance"  Unit="mmHg min/mL" Precision="4"/>
	<DataRequest xsi:type="PhysiologyDataRequestData" Name="OxygenConsumptionRate"             Unit="mL/min"      Precision="3"/>
	<DataRequest xsi:type="PhysiologyDataRequestData" Name="CarbonDioxideProductionRate"       Unit="mL/min"      Precision="3"/>
    
	<DataRequest xsi:type="GasCompartmentDataRequestData" Compartment="LeftAlveoli"                            Name="Pressure"        Unit="cmH2O" Precision="0"/>
	<DataRequest xsi:type="GasCompartmentDataRequestData" Compartment="LeftAlveoli"  Substance="Oxygen"        Name="PartialPressure" Unit="mmHg"  Precision="0"/>
	<DataRequest xsi:type="GasCompartmentDataRequestData" Compartment="LeftAlveoli"  Substance="CarbonDioxide" Name="PartialPressure" Unit="mmHg"  Precision="1"/>
	<DataRequest xsi:type="GasCompartmentDataRequestData" Compartment="RightAlveoli"                           Name="Pressure"        Unit="cmH2O" Precision="0"/>
 	<DataRequest xsi:type="GasCompartmentDataRequestData" Compartment="RightAlveoli" Substance="Oxygen"        Name="PartialPressure" Unit="mmHg"  Precision="0"/>
	<DataRequest xsi:type="GasCompartmentDataRequestData" Compartment="RightAlveoli" Substance="CarbonDioxide" Name="PartialPressure" Unit="mmHg"  Precision="1"/>
	<DataRequest xsi:type="GasCompartmentDataRequestData" Compartment="Trachea"       Substance="Oxygen"        Name="PartialPressure" Unit="cmH2O" Precision="0"/>
	<DataRequest xsi:type="GasCompartmentDataRequestData" Compartment="Trachea"       Substance="CarbonDioxide" Name="PartialPressure" Unit="cmH2O" Precision="1"/>
	
	<DataRequest xsi:type="LiquidCompartmentDataRequestData" Compartment="Aorta"     Substance="Oxygen"        Name="PartialPressure" Unit="mmHg" Precision="1"/>
	<DataRequest xsi:type="LiquidCompartmentDataRequestData" Compartment="Aorta"     Substance="CarbonDioxide" Name="PartialPressure" Unit="mmHg" Precision="1"/>
	<DataRequest xsi:type="LiquidCompartmentDataRequestData" Compartment="VenaCava"  Substance="Oxygen"        Name="PartialPressure" Unit="mmHg" Precision="1"/>
	<DataRequest xsi:type="LiquidCompartmentDataRequestData" Compartment="VenaCava"  Substance="CarbonDioxide" Name="PartialPressure" Unit="mmHg" Precision="1"/>
	
	<DataRequest xsi:type="LiquidCompartmentDataRequestData" Compartment="RightTubules" Substance="Sodium"        Name="Concentration" Unit="g/L" Precision="2"/>
	<DataRequest xsi:type="LiquidCompartmentDataRequestData" Compartment="LeftTubules"  Substance="Sodium"        Name="Concentration" Unit="g/L" Precision="2"/>
	
	<DataRequest xsi:type="SubstanceDataRequestData"  Substance="Oxygen"         Name="AlveolarTransfer" Unit="mL/s" Precision="2"/>
	<DataRequest xsi:type="SubstanceDataRequestData"  Substance="CarbonDioxide"  Name="AlveolarTransfer" Unit="mL/s" Precision="2"/>
	
	<DataRequest Substance="Epinephrine" Name="BloodConcentration" xsi:type="SubstanceDataRequestData" Unit="ug/L" Precision="6"/>
	  <DataRequest xsi:type="PhysiologyDataRequestData" Name="LiverGlycogen" Unit="g" Precision="2"/>
  <DataRequest xsi:type="PhysiologyDataRequestData" Name="MuscleGlycogen" Unit="g" Precision="2"/>

	<!-- Anything action specific data needed for verification of this scenario -->
	<DataRequest xsi:type="PhysiologyDataRequestData" Name="NeuromuscularBlockLevel" Precision="2"/>
	<DataRequest xsi:type="PhysiologyDataRequestData" Name="SedationLevel" Precision="2"/>
  <DataRequest xsi:type="PhysiologyDataRequestData" Name="PupillaryResponse-SizeModifier" Precision="3"/>
  <DataRequest xsi:type="PhysiologyDataRequestData" Name="PupillaryResponse-ReactivityModifier" Precision="3"/>
  
    <DataRequest xsi:type="PhysiologyDataRequestData" Name="PulmonaryCompliance"            Unit="L/cmH2O"   Precision="4"/>
	<DataRequest xsi:type="PhysiologyDataRequestData" Name="PulmonaryResistance"            Unit="cmH2O s/L" Precision="4"/>
  
	<DataRequest xsi:type="LiquidCompartmentDataRequestData" Compartment="Aorta"                  Substance="Albuterol" Name="Concentration" Unit="ug/L" Precision="4"/>
	<DataRequest xsi:type="LiquidCompartmentDataRequestData" Compartment="VenaCava"               Substance="Albuterol" Name="Concentration" Unit="ug/L" Precision="4"/> 
	
	<DataRequest xsi:type="LiquidCompartmentDataRequestData" Compartment="BoneVasculature"        Substance="Albuterol" Name="Concentration" Unit="ug/L" Precision="4"/>
	<DataRequest xsi:type="LiquidCompartmentDataRequestData" Compartment="BrainVasculature"       Substance="Albuterol" Name="Concentration" Unit="ug/L" Precision="4"/> 
	<DataRequest xsi:type="LiquidCompartmentDataRequestData" Compartment="FatVasculature"         Substance="Albuterol" Name="Concentration" Unit="ug/L" Precision="4"/> 
	<DataRequest xsi:type="LiquidCompartmentDataRequestData" Compartment="GutVasculature"         Substance="Albuterol" Name="Concentration" Unit="ug/L" Precision="4"/> 	
	<DataRequest xsi:type="LiquidCompartmentDataRequestData" Compartment="LeftKidneyVasculature"  Substance="Albuterol" Name="Concentration" Unit="ug/L" Precision="4"/> 		
	<DataRequest xsi:type="LiquidCompartmentDataRequestData" Compartment="LeftLungVasculature"    Substance="Albuterol" Name="Concentration" Unit="ug/L" Precision="4"/>
  <DataRequest xsi:type="LiquidCompartmentDataRequestData" Compartment="LiverVasculature"       Substance="Albuterol" Name="Concentration" Unit="ug/L" Precision="4"/>
	<DataRequest xsi:type="LiquidCompartmentDataRequestData" Compartment="MuscleVasculature"      Substance="Albuterol" Name="Concentration" Unit="ug/L" Precision="4"/> 
	<DataRequest xsi:type="LiquidCompartmentDataRequestData" Compartment="MyocardiumVasculature"  Substance="Albuterol" Name="Concentration" Unit="ug/L" Precision="4"/> 
	<DataRequest xsi:type="LiquidCompartmentDataRequestData" Compartment="RightKidneyVasculature" Substance="Albuterol" Name="Concentration" Unit="ug/L" Precision="4"/> 	
	<DataRequest xsi:type="LiquidCompartmentDataRequestData" Compartment="RightLungVasculature"   Substance="Albuterol" Name="Concentration" Unit="ug/L" Precision="4"/> 		
	<DataRequest xsi:type="LiquidCompartmentDataRequestData" Compartment="SkinVasculature"        Substance="Albuterol" Name="Concentration" Unit="ug/L" Precision="4"/>
  <DataRequest xsi:type="LiquidCompartmentDataRequestData" Compartment="SpleenVasculature"      Substance="Albuterol" Name="Concentration" Unit="ug/L" Precision="4"/>

	<DataRequest xsi:type="LiquidCompartmentDataRequestData" Compartment="BoneTissueExtracellular"        Substance="Albuterol" Name="Concentration" Unit="ug/L" Precision="4"/>
	<DataRequest xsi:type="LiquidCompartmentDataRequestData" Compartment="BrainTissueExtracellular"       Substance="Albuterol" Name="Concentration" Unit="ug/L" Precision="4"/> 	
	<DataRequest xsi:type="LiquidCompartmentDataRequestData" Compartment="FatTissueExtracellular"         Substance="Albuterol" Name="Concentration" Unit="ug/L" Precision="4"/> 		
	<DataRequest xsi:type="LiquidCompartmentDataRequestData" Compartment="GutTissueExtracellular"         Substance="Albuterol" Name="Concentration" Unit="ug/L" Precision="4"/> 	
	<DataRequest xsi:type="LiquidCompartmentDataRequestData" Compartment="LeftKidneyTissueExtracellular"  Substance="Albuterol" Name="Concentration" Unit="ug/L" Precision="4"/> 
	<DataRequest xsi:type="LiquidCompartmentDataRequestData" Compartment="LeftLungTissueExtracellular"    Substance="Albuterol" Name="Concentration" Unit="ug/L" Precision="4"/>
	<DataRequest xsi:type="LiquidCompartmentDataRequestData" Compartment="LiverTissueExtracellular"       Substance="Albuterol" Name="Concentration" Unit="ug/L" Precision="4"/> 	
	<DataRequest xsi:type="LiquidCompartmentDataRequestData" Compartment="MuscleTissueExtracellular"      Substance="Albuterol" Name="Concentration" Unit="ug/L" Precision="4"/> 		
	<DataRequest xsi:type="LiquidCompartmentDataRequestData" Compartment="MyocardiumTissueExtracellular"  Substance="Albuterol" Name="Concentration" Unit="ug/L" Precision="4"/> 	
	<DataRequest xsi:type="LiquidCompartmentDataRequestData" Compartment="RightKidneyTissueExtracellular" Substance="Albuterol" Name="Concentration" Unit="ug/L" Precision="4"/> 		
  <DataRequest xsi:type="LiquidCompartmentDataRequestData" Compartment="RightLungTissueExtracellular"   Substance="Albuterol" Name="Concentration" Unit="ug/L" Precision="4"/> 		
	<DataRequest xsi:type="LiquidCompartmentDataRequestData" Compartment="SkinTissueExtracellular"        Substance="Albuterol" Name="Concentration" Unit="ug/L" Precision="4"/> 	
	<DataRequest xsi:type="LiquidCompartmentDataRequestData" Compartment="SpleenTissueExtracellular"      Substance="Albuterol" Name="Concentration" Unit="ug/L" Precision="4"/> 

	<DataRequest xsi:type="LiquidCompartmentDataRequestData" Compartment="BoneTissueIntracellular"        Substance="Albuterol" Name="Concentration" Unit="ug/L" Precision="4"/>
	<DataRequest xsi:type="LiquidCompartmentDataRequestData" Compartment="BrainTissueIntracellular"       Substance="Albuterol" Name="Concentration" Unit="ug/L" Precision="4"/> 	
	<DataRequest xsi:type="LiquidCompartmentDataRequestData" Compartment="FatTissueIntracellular"         Substance="Albuterol" Name="Concentration" Unit="ug/L" Precision="4"/> 		
	<DataRequest xsi:type="LiquidCompartmentDataRequestData" Compartment="GutTissueIntracellular"         Substance="Albuterol" Name="Concentration" Unit="ug/L" Precision="4"/> 	
	<DataRequest xsi:type="LiquidCompartmentDataRequestData" Compartment="LeftKidneyTissueIntracellular"  Substance="Albuterol" Name="Concentration" Unit="ug/L" Precision="4"/> 
	<DataRequest xsi:type="LiquidCompartmentDataRequestData" Compartment="LeftLungTissueIntracellular"    Substance="Albuterol" Name="Concentration" Unit="ug/L" Precision="4"/>
	<DataRequest xsi:type="LiquidCompartmentDataRequestData" Compartment="LiverTissueIntracellular"       Substance="Albuterol" Name="Concentration" Unit="ug/L" Precision="4"/> 	
	<DataRequest xsi:type="LiquidCompartmentDataRequestData" Compartment="MuscleTissueIntracellular"      Substance="Albuterol" Name="Concentration" Unit="ug/L" Precision="4"/> 		
	<DataRequest xsi:type="LiquidCompartmentDataRequestData" Compartment="MyocardiumTissueIntracellular"  Substance="Albuterol" Name="Concentration" Unit="ug/L" Precision="4"/> 	
	<DataRequest xsi:type="LiquidCompartmentDataRequestData" Compartment="RightKidneyTissueIntracellular" Substance="Albuterol" Name="Concentration" Unit="ug/L" Precision="4"/> 		
  <DataRequest xsi:type="LiquidCompartmentDataRequestData" Compartment="RightLungTissueIntracellular"   Substance="Albuterol" Name="Concentration" Unit="ug/L" Precision="4"/> 		
	<DataRequest xsi:type="LiquidCompartmentDataRequestData" Compartment="SkinTissueIntracellular"        Substance="Albuterol" Name="Concentration" Unit="ug/L" Precision="4"/> 	
	<DataRequest xsi:type="LiquidCompartmentDataRequestData" Compartment="SpleenTissueIntracellular"      Substance="Albuterol" Name="Concentration" Unit="ug/L" Precision="4"/>
	
	<DataRequest xsi:type="SubstanceDataRequestData" Substance="Albuterol" Name="PlasmaConcentration" Unit="ug/L" Precision="6"/>	
	<DataRequest xsi:type="SubstanceDataRequestData" Substance="Albuterol"	Name="EffectSiteConcentration" Unit="ug/mL" Precision="6"/>
	<DataRequest xsi:type="SubstanceDataRequestData" Substance="Albuterol" Name="SystemicMassCleared" Unit="ug" Precision="2"/>	
	<DataRequest xsi:type="SubstanceDataRequestData" Substance="Albuterol" Name="MassInBody" Unit="ug" Precision="2"/>	
	<DataRequest xsi:type="SubstanceDataRequestData" Substance="Albuterol" Compartment="LeftKidneyTissue" Name="PartitionCoefficient" Precision="4"/>
	<DataRequest xsi:type="SubstanceDataRequestData" Substance="Albuterol" Compartment="RightKidneyTissue" Name="PartitionCoefficient" Precision="4"/>
	<DataRequest xsi:type="SubstanceDataRequestData" Substance="Albuterol" Compartment="BrainTissue" Name="PartitionCoefficient" Precision="4"/>
	<DataRequest xsi:type="SubstanceDataRequestData" Substance="Albuterol" Compartment="RightLungTissue" Name="PartitionCoefficient" Precision="4"/>
	<DataRequest xsi:type="SubstanceDataRequestData" Substance="Albuterol" Compartment="LeftLungTissue" Name="PartitionCoefficient" Precision="4"/>
	<DataRequest xsi:type="SubstanceDataRequestData" Substance="Albuterol" Compartment="LiverTissue" Name="PartitionCoefficient" Precision="4"/>
	<DataRequest xsi:type="SubstanceDataRequestData" Substance="Albuterol" Compartment="BoneTissue" Name="PartitionCoefficient" Precision="4"/>
	<DataRequest xsi:type="SubstanceDataRequestData" Substance="Albuterol" Compartment="FatTissue" Name="PartitionCoefficient" Precision="4"/>
	<DataRequest xsi:type="SubstanceDataRequestData" Substance="Albuterol" Compartment="SkinTissue" Name="PartitionCoefficient" Precision="4"/>
	<DataRequest xsi:type="SubstanceDataRequestData" Substance="Albuterol" Compartment="MuscleTissue" Name="PartitionCoefficient" Precision="4"/>
	<DataRequest xsi:type="SubstanceDataRequestData" Substance="Albuterol" Compartment="SpleenTissue" Name="PartitionCoefficient" Precision="4"/>
	<DataRequest xsi:type="SubstanceDataRequestData" Substance="Albuterol" Compartment="GutTissue" Name="PartitionCoefficient" Precision="4"/>
	<DataRequest xsi:type="SubstanceDataRequestData" Substance="Albuterol" Compartment="MyocardiumTissue" Name="PartitionCoefficient" Precision="4"/>
	
	<DataRequest xsi:type="LiquidCompartmentDataRequestData" Compartment="LiverTissueIntracellular"       Substance="Albuterol" Name="MassCleared" Unit="ug" Precision="2"/>
	<DataRequest xsi:type="LiquidCompartmentDataRequestData" Compartment="LeftKidneyTissueIntracellular"  Substance="Albuterol" Name="MassCleared" Unit="ug" Precision="2"/>
	<DataRequest xsi:type="LiquidCompartmentDataRequestData" Compartment="RightKidneyTissueIntracellular" Substance="Albuterol" Name="MassCleared" Unit="ug" Precision="2"/>
	<DataRequest xsi:type="LiquidCompartmentDataRequestData" Compartment="LiverTissueIntracellular"       Substance="Albuterol" Name="MassExcreted" Unit="ug" Precision="2"/>
  
  <!-- Aerosol Compartments -->
	<DataRequest xsi:type="LiquidCompartmentDataRequestData" Compartment="Mouth"          Substance="Albuterol" Name="Concentration" Unit="ug/L" Precision="4"/>	  
	<DataRequest xsi:type="LiquidCompartmentDataRequestData" Compartment="Trachea"         Substance="Albuterol" Name="Concentration" Unit="ug/L" Precision="4"/>	
	<DataRequest xsi:type="LiquidCompartmentDataRequestData" Compartment="LeftAlveoli"    Substance="Albuterol" Name="Concentration" Unit="ug/L" Precision="4"/>	
	<DataRequest xsi:type="LiquidCompartmentDataRequestData" Compartment="LeftBronchi"  Substance="Albuterol" Name="Concentration" Unit="ug/L" Precision="4"/>	
	<DataRequest xsi:type="LiquidCompartmentDataRequestData" Compartment="RightAlveoli"   Substance="Albuterol" Name="Concentration" Unit="ug/L" Precision="4"/>	
	<DataRequest xsi:type="LiquidCompartmentDataRequestData" Compartment="RightBronchi" Substance="Albuterol" Name="Concentration" Unit="ug/L" Precision="4"/>	
  </DataRequests>
	
    <Action xsi:type="AdvanceTimeData">
        <Time value="30" unit="s"/>       
    </Action>
	<Action xsi:type="InhalerConfigurationData">
		<Configuration>
			<Substance>Albuterol</Substance>
			<MeteredDose value="10.0" unit="ug"/>
			<NozzleLoss value="0.04"/>
			<SpacerVolume value="500.0" unit="mL"/>
		</Configuration>
	</Action>  
	<Action xsi:type="ConsciousRespirationData" AppendToPrevious="true">
		<Command xsi:type="ForcedExhaleData">
			<ExpiratoryReserveVolumeFraction value="1.0"/>
			<Period value="3.0" unit="s"/>			
		</Command>  
		<Command xsi:type="UseInhalerData"/>	
		<Command xsi:type="ForcedInhaleData">
			<InspiratoryCapacityFraction value="1.0"/>
			<Period value="5.0" unit="s"/>          
		</Command> 
		<Command xsi:type="BreathHoldData">
			<Period value="10.0" unit="s"/>          
		</Command> 
    </Action>
	<Action xsi:type="AdvanceTimeData">
        <Time value="5" unit="min"/>       
    </Action>
</Scenario>
