<?xml version="1.0" encoding="UTF-8"?>
<Scenario xmlns="uri:/mil/tatrc/physiology/datamodel" xmlns:xsi="http://www.w3.org/2001/XMLSchema-instance" contentVersion="BioGears_6.1.0-beta" xsi:schemaLocation="">
    <Name>Sarin Moderate Long</Name>
    <Description>Exposure to moderate concentration of Sarin for an short time period, provoking moderate physiological response</Description>
    <InitialParameters><PatientFile>StandardMale.xml</PatientFile></InitialParameters>
	
	<!-- Base system data required for all scenario verification -->
  <DataRequests SamplesPerSecond="3.0">
    <DataRequest xsi:type="PatientDataRequestData"    Name="Weight"                            Unit="kg"           Precision="1"/>
  
    <DataRequest xsi:type="PhysiologyDataRequestData" Name="HeartRate"                         Unit="1/min"       Precision="2"/>
    <DataRequest xsi:type="PhysiologyDataRequestData" Name="HeartStrokeVolume"                 Unit="mL"          Precision="1"/>
    <DataRequest xsi:type="PhysiologyDataRequestData" Name="BloodVolume"                       Unit="L"          Precision="2"/>	
    <DataRequest xsi:type="PhysiologyDataRequestData" Name="ArterialPressure"                  Unit="mmHg"        Precision="1"/>
    <DataRequest xsi:type="PhysiologyDataRequestData" Name="MeanArterialPressure"              Unit="mmHg"        Precision="1"/>
    <DataRequest xsi:type="PhysiologyDataRequestData" Name="SystolicArterialPressure"          Unit="mmHg"        Precision="0"/>
    <DataRequest xsi:type="PhysiologyDataRequestData" Name="DiastolicArterialPressure"         Unit="mmHg"        Precision="1"/>
    <DataRequest xsi:type="PhysiologyDataRequestData" Name="CardiacOutput"                     Unit="L/min"      Precision="2"/>
    <DataRequest xsi:type="PhysiologyDataRequestData" Name="HemoglobinContent"                 Unit="g"           Precision="0"/>
    <DataRequest xsi:type="PhysiologyDataRequestData" Name="CentralVenousPressure"             Unit="mmHg"        Precision="2"/>
    <DataRequest xsi:type="PhysiologyDataRequestData" Name="TidalVolume"                       Unit="mL"          Precision="3"/>
    <DataRequest xsi:type="PhysiologyDataRequestData" Name="TotalLungVolume"                   Unit="L"          Precision="2"/>
    <DataRequest xsi:type="PhysiologyDataRequestData" Name="RespirationRate"                   Unit="1/min"       Precision="2"/>
    <DataRequest xsi:type="PhysiologyDataRequestData" Name="OxygenSaturation"                  Unit="unitless"    Precision="3"/>
    <DataRequest xsi:type="PhysiologyDataRequestData" Name="CarbonDioxideSaturation"           Unit="unitless"    Precision="3"/>  
    <DataRequest xsi:type="PhysiologyDataRequestData" Name="EndTidalCarbonDioxideFraction"     Unit="unitless"    Precision="4"/>
    <DataRequest xsi:type="PhysiologyDataRequestData" Name="TotalAlveolarVentilation"          Unit="L/min"       Precision="2"/>  
    <DataRequest xsi:type="PhysiologyDataRequestData" Name="TranspulmonaryPressure"            Unit="cmH2O"       Precision="2"/>
    
    <DataRequest xsi:type="PhysiologyDataRequestData" Name="CoreTemperature"                   Unit="degC"        Precision="1"/>
    <DataRequest xsi:type="PhysiologyDataRequestData" Name="SkinTemperature"                   Unit="degC"        Precision="1"/>
    
    <DataRequest xsi:type="PhysiologyDataRequestData" Name="RespiratoryExchangeRatio"          Unit="unitless"    Precision="3"/>
    <DataRequest xsi:type="PhysiologyDataRequestData" Name="OxygenConsumptionRate"             Unit="mL/min"      Precision="0"/>
    <DataRequest xsi:type="PhysiologyDataRequestData" Name="CarbonDioxideProductionRate"       Unit="mL/min"      Precision="0"/>
    
     <DataRequest xsi:type="PhysiologyDataRequestData" Name="GlomerularFiltrationRate"          Unit="mL/min"      Precision="0"/> 
    <DataRequest xsi:type="PhysiologyDataRequestData" Name="RenalBloodFlow"                    Unit="L/min"      Precision="2"/>
    <DataRequest xsi:type="PhysiologyDataRequestData" Name="UrineProductionRate"               Unit="mL/min"      Precision="3"/>
    <DataRequest xsi:type="PhysiologyDataRequestData" Name="LeftAfferentArterioleResistance"   Unit="mmHg min/mL" Precision="4"/>
    <DataRequest xsi:type="PhysiologyDataRequestData" Name="RightAfferentArterioleResistance"  Unit="mmHg min/mL" Precision="4"/>
  
    <DataRequest xsi:type="GasCompartmentDataRequestData" Compartment="LeftAlveoli"                            Name="Pressure"        Unit="cmH2O" Precision="0"/>
    <DataRequest xsi:type="GasCompartmentDataRequestData" Compartment="LeftAlveoli"  Substance="Oxygen"        Name="PartialPressure" Unit="mmHg"  Precision="0"/>
    <DataRequest xsi:type="GasCompartmentDataRequestData" Compartment="LeftAlveoli"  Substance="CarbonDioxide" Name="PartialPressure" Unit="mmHg"  Precision="1"/>
    <DataRequest xsi:type="GasCompartmentDataRequestData" Compartment="RightAlveoli"                           Name="Pressure"        Unit="cmH2O" Precision="0"/>
    <DataRequest xsi:type="GasCompartmentDataRequestData" Compartment="RightAlveoli" Substance="Oxygen"        Name="PartialPressure" Unit="mmHg"  Precision="0"/>
    <DataRequest xsi:type="GasCompartmentDataRequestData" Compartment="RightAlveoli" Substance="CarbonDioxide" Name="PartialPressure" Unit="mmHg"  Precision="1"/>
    <DataRequest xsi:type="GasCompartmentDataRequestData" Compartment="Trachea"       Substance="Oxygen"        Name="PartialPressure" Unit="cmH2O" Precision="0"/>
    <DataRequest xsi:type="GasCompartmentDataRequestData" Compartment="Trachea"       Substance="CarbonDioxide" Name="PartialPressure" Unit="cmH2O" Precision="1"/>
 
    <DataRequest xsi:type="LiquidCompartmentDataRequestData" Compartment="Aorta"     Substance="Oxygen"        Name="PartialPressure" Unit="mmHg" Precision="1"/>
    <DataRequest xsi:type="LiquidCompartmentDataRequestData" Compartment="Aorta"     Substance="CarbonDioxide" Name="PartialPressure" Unit="mmHg" Precision="1"/>
    <DataRequest xsi:type="LiquidCompartmentDataRequestData" Compartment="VenaCava"  Substance="Oxygen"        Name="PartialPressure" Unit="mmHg" Precision="1"/>
    <DataRequest xsi:type="LiquidCompartmentDataRequestData" Compartment="VenaCava"  Substance="CarbonDioxide" Name="PartialPressure" Unit="mmHg" Precision="1"/>
    
    <DataRequest xsi:type="LiquidCompartmentDataRequestData" Compartment="RightTubules" Substance="Sodium"        Name="Concentration" Unit="g/L" Precision="2"/>
    <DataRequest xsi:type="LiquidCompartmentDataRequestData" Compartment="LeftTubules"  Substance="Sodium"        Name="Concentration" Unit="g/L" Precision="2"/>
  
    <DataRequest xsi:type="SubstanceDataRequestData"  Substance="Oxygen"         Name="AlveolarTransfer" Unit="mL/s" Precision="2"/>
    <DataRequest xsi:type="SubstanceDataRequestData"  Substance="CarbonDioxide"  Name="AlveolarTransfer" Unit="mL/s" Precision="2"/>
  
	<DataRequest Substance="Epinephrine" Name="BloodConcentration" xsi:type="SubstanceDataRequestData" Unit="ug/L" Precision="6"/>

	<!-- Anything action specific data needed for verification of this scenario -->			  

	<DataRequest xsi:type="PhysiologyDataRequestData" Name="PupillaryResponse-SizeModifier" Precision="3"/>
    <DataRequest xsi:type="PhysiologyDataRequestData" Name="PupillaryResponse-ReactivityModifier" Precision="3"/>
	<DataRequest xsi:type="PhysiologyDataRequestData" Name="BronchodilationLevel" Precision="3"/>
	<DataRequest xsi:type="PhysiologyDataRequestData" Name="CentralNervousResponse" Precision="3"/>
	<DataRequest xsi:type="PhysiologyDataRequestData" Name="RedBloodCellAcetylcholinesterase" Unit="ct/uL" Precision="3"/>
	
  
    <DataRequest xsi:type="PhysiologyDataRequestData" Name="PulmonaryCompliance"            Unit="L/cmH2O"   Precision="4"/>
	<DataRequest xsi:type="PhysiologyDataRequestData" Name="PulmonaryResistance"            Unit="cmH2O s/L" Precision="4"/>

	<DataRequest xsi:type="LiquidCompartmentDataRequestData" Compartment="Aorta"                  Substance="Sarin" Name="Concentration" Unit="ug/L" Precision="4"/>
	<DataRequest xsi:type="LiquidCompartmentDataRequestData" Compartment="VenaCava"               Substance="Sarin" Name="Concentration" Unit="ug/L" Precision="4"/> 
	
	<DataRequest xsi:type="LiquidCompartmentDataRequestData" Compartment="BoneVasculature"        Substance="Sarin" Name="Concentration" Unit="ug/L" Precision="4"/>
	<DataRequest xsi:type="LiquidCompartmentDataRequestData" Compartment="BrainVasculature"       Substance="Sarin" Name="Concentration" Unit="ug/L" Precision="4"/> 
	<DataRequest xsi:type="LiquidCompartmentDataRequestData" Compartment="FatVasculature"         Substance="Sarin" Name="Concentration" Unit="ug/L" Precision="4"/> 
	<DataRequest xsi:type="LiquidCompartmentDataRequestData" Compartment="GutVasculature"         Substance="Sarin" Name="Concentration" Unit="ug/L" Precision="4"/> 	
	<DataRequest xsi:type="LiquidCompartmentDataRequestData" Compartment="LeftKidneyVasculature"  Substance="Sarin" Name="Concentration" Unit="ug/L" Precision="4"/> 		
	<DataRequest xsi:type="LiquidCompartmentDataRequestData" Compartment="LeftLungVasculature"    Substance="Sarin" Name="Concentration" Unit="ug/L" Precision="4"/>
  <DataRequest xsi:type="LiquidCompartmentDataRequestData" Compartment="LiverVasculature"       Substance="Sarin" Name="Concentration" Unit="ug/L" Precision="4"/>
	<DataRequest xsi:type="LiquidCompartmentDataRequestData" Compartment="MuscleVasculature"      Substance="Sarin" Name="Concentration" Unit="ug/L" Precision="4"/> 
	<DataRequest xsi:type="LiquidCompartmentDataRequestData" Compartment="MyocardiumVasculature"  Substance="Sarin" Name="Concentration" Unit="ug/L" Precision="4"/> 
	<DataRequest xsi:type="LiquidCompartmentDataRequestData" Compartment="RightKidneyVasculature" Substance="Sarin" Name="Concentration" Unit="ug/L" Precision="4"/> 	
	<DataRequest xsi:type="LiquidCompartmentDataRequestData" Compartment="RightLungVasculature"   Substance="Sarin" Name="Concentration" Unit="ug/L" Precision="4"/> 		
	<DataRequest xsi:type="LiquidCompartmentDataRequestData" Compartment="SkinVasculature"        Substance="Sarin" Name="Concentration" Unit="ug/L" Precision="4"/>
  <DataRequest xsi:type="LiquidCompartmentDataRequestData" Compartment="SpleenVasculature"      Substance="Sarin" Name="Concentration" Unit="ug/L" Precision="4"/>

     <DataRequest xsi:type="LiquidCompartmentDataRequestData" Compartment="BoneTissueExtracellular"        Substance="Sarin" Name="Concentration" Unit="ug/L" Precision="4"/>
	<DataRequest xsi:type="LiquidCompartmentDataRequestData" Compartment="BrainTissueExtracellular"       Substance="Sarin" Name="Concentration" Unit="ug/L" Precision="4"/> 	
	<DataRequest xsi:type="LiquidCompartmentDataRequestData" Compartment="FatTissueExtracellular"         Substance="Sarin" Name="Concentration" Unit="ug/L" Precision="4"/> 		
	<DataRequest xsi:type="LiquidCompartmentDataRequestData" Compartment="GutTissueExtracellular"         Substance="Sarin" Name="Concentration" Unit="ug/L" Precision="4"/> 	
	<DataRequest xsi:type="LiquidCompartmentDataRequestData" Compartment="LeftKidneyTissueExtracellular"  Substance="Sarin" Name="Concentration" Unit="ug/L" Precision="4"/> 
	<DataRequest xsi:type="LiquidCompartmentDataRequestData" Compartment="LeftLungTissueExtracellular"    Substance="Sarin" Name="Concentration" Unit="ug/L" Precision="4"/>
	<DataRequest xsi:type="LiquidCompartmentDataRequestData" Compartment="LiverTissueExtracellular"       Substance="Sarin" Name="Concentration" Unit="ug/L" Precision="4"/> 	
	<DataRequest xsi:type="LiquidCompartmentDataRequestData" Compartment="MuscleTissueExtracellular"      Substance="Sarin" Name="Concentration" Unit="ug/L" Precision="4"/> 		
	<DataRequest xsi:type="LiquidCompartmentDataRequestData" Compartment="MyocardiumTissueExtracellular"  Substance="Sarin" Name="Concentration" Unit="ug/L" Precision="4"/> 	
	<DataRequest xsi:type="LiquidCompartmentDataRequestData" Compartment="RightKidneyTissueExtracellular" Substance="Sarin" Name="Concentration" Unit="ug/L" Precision="4"/> 		
     <DataRequest xsi:type="LiquidCompartmentDataRequestData" Compartment="RightLungTissueExtracellular"   Substance="Sarin" Name="Concentration" Unit="ug/L" Precision="4"/> 		
	<DataRequest xsi:type="LiquidCompartmentDataRequestData" Compartment="SkinTissueExtracellular"        Substance="Sarin" Name="Concentration" Unit="ug/L" Precision="4"/> 	
	<DataRequest xsi:type="LiquidCompartmentDataRequestData" Compartment="SpleenTissueExtracellular"      Substance="Sarin" Name="Concentration" Unit="ug/L" Precision="4"/> 

	<DataRequest xsi:type="LiquidCompartmentDataRequestData" Compartment="BoneTissueIntracellular"        Substance="Sarin" Name="Concentration" Unit="ug/L" Precision="4"/>
	<DataRequest xsi:type="LiquidCompartmentDataRequestData" Compartment="BrainTissueIntracellular"       Substance="Sarin" Name="Concentration" Unit="ug/L" Precision="4"/> 	
	<DataRequest xsi:type="LiquidCompartmentDataRequestData" Compartment="FatTissueIntracellular"         Substance="Sarin" Name="Concentration" Unit="ug/L" Precision="4"/> 		
	<DataRequest xsi:type="LiquidCompartmentDataRequestData" Compartment="GutTissueIntracellular"         Substance="Sarin" Name="Concentration" Unit="ug/L" Precision="4"/> 	
	<DataRequest xsi:type="LiquidCompartmentDataRequestData" Compartment="LeftKidneyTissueIntracellular"  Substance="Sarin" Name="Concentration" Unit="ug/L" Precision="4"/> 
	<DataRequest xsi:type="LiquidCompartmentDataRequestData" Compartment="LeftLungTissueIntracellular"    Substance="Sarin" Name="Concentration" Unit="ug/L" Precision="4"/>
	<DataRequest xsi:type="LiquidCompartmentDataRequestData" Compartment="LiverTissueIntracellular"       Substance="Sarin" Name="Concentration" Unit="ug/L" Precision="4"/> 	
	<DataRequest xsi:type="LiquidCompartmentDataRequestData" Compartment="MuscleTissueIntracellular"      Substance="Sarin" Name="Concentration" Unit="ug/L" Precision="4"/> 		
	<DataRequest xsi:type="LiquidCompartmentDataRequestData" Compartment="MyocardiumTissueIntracellular"  Substance="Sarin" Name="Concentration" Unit="ug/L" Precision="4"/> 	
	<DataRequest xsi:type="LiquidCompartmentDataRequestData" Compartment="RightKidneyTissueIntracellular" Substance="Sarin" Name="Concentration" Unit="ug/L" Precision="4"/> 		
     <DataRequest xsi:type="LiquidCompartmentDataRequestData" Compartment="RightLungTissueIntracellular"   Substance="Sarin" Name="Concentration" Unit="ug/L" Precision="4"/> 		
	<DataRequest xsi:type="LiquidCompartmentDataRequestData" Compartment="SkinTissueIntracellular"        Substance="Sarin" Name="Concentration" Unit="ug/L" Precision="4"/> 	
	<DataRequest xsi:type="LiquidCompartmentDataRequestData" Compartment="SpleenTissueIntracellular"      Substance="Sarin" Name="Concentration" Unit="ug/L" Precision="4"/>

	<DataRequest xsi:type="SubstanceDataRequestData" Substance="Sarin" Name="PlasmaConcentration" Unit="ug/L" Precision="6"/>		
	<DataRequest xsi:type="SubstanceDataRequestData" Substance="Sarin" Name="MassInBody" Unit="ug" Precision="2"/>	
	<DataRequest xsi:type="SubstanceDataRequestData" Substance="Sarin" Compartment="LeftKidneyTissue" Name="PartitionCoefficient" Precision="4"/>
	<DataRequest xsi:type="SubstanceDataRequestData" Substance="Sarin" Compartment="RightKidneyTissue" Name="PartitionCoefficient" Precision="4"/>
	<DataRequest xsi:type="SubstanceDataRequestData" Substance="Sarin" Compartment="BrainTissue" Name="PartitionCoefficient" Precision="4"/>
	<DataRequest xsi:type="SubstanceDataRequestData" Substance="Sarin" Compartment="RightLungTissue" Name="PartitionCoefficient" Precision="4"/>
	<DataRequest xsi:type="SubstanceDataRequestData" Substance="Sarin" Compartment="LeftLungTissue" Name="PartitionCoefficient" Precision="4"/>
	<DataRequest xsi:type="SubstanceDataRequestData" Substance="Sarin" Compartment="LiverTissue" Name="PartitionCoefficient" Precision="4"/>
	<DataRequest xsi:type="SubstanceDataRequestData" Substance="Sarin" Compartment="BoneTissue" Name="PartitionCoefficient" Precision="4"/>
	<DataRequest xsi:type="SubstanceDataRequestData" Substance="Sarin" Compartment="FatTissue" Name="PartitionCoefficient" Precision="4"/>
	<DataRequest xsi:type="SubstanceDataRequestData" Substance="Sarin" Compartment="SkinTissue" Name="PartitionCoefficient" Precision="4"/>
	<DataRequest xsi:type="SubstanceDataRequestData" Substance="Sarin" Compartment="MuscleTissue" Name="PartitionCoefficient" Precision="4"/>
	<DataRequest xsi:type="SubstanceDataRequestData" Substance="Sarin" Compartment="SpleenTissue" Name="PartitionCoefficient" Precision="4"/>
	<DataRequest xsi:type="SubstanceDataRequestData" Substance="Sarin" Compartment="GutTissue" Name="PartitionCoefficient" Precision="4"/>
	<DataRequest xsi:type="SubstanceDataRequestData" Substance="Sarin" Compartment="MyocardiumTissue" Name="PartitionCoefficient" Precision="4"/>
	<DataRequest xsi:type="SubstanceDataRequestData" Substance="Sarin" Name="SystemicMassCleared" Unit="ug" Precision="4"/>
  
  <!-- Aerosol Compartments -->
	<DataRequest xsi:type="LiquidCompartmentDataRequestData" Compartment="Mouth"          Substance="Sarin" Name="Concentration" Unit="ug/L" Precision="4"/>	  
	<DataRequest xsi:type="LiquidCompartmentDataRequestData" Compartment="Trachea"         Substance="Sarin" Name="Concentration" Unit="ug/L" Precision="4"/>	
	<DataRequest xsi:type="LiquidCompartmentDataRequestData" Compartment="LeftAlveoli"    Substance="Sarin" Name="Concentration" Unit="ug/L" Precision="4"/>	
	<DataRequest xsi:type="LiquidCompartmentDataRequestData" Compartment="LeftBronchi"  Substance="Sarin" Name="Concentration" Unit="ug/L" Precision="4"/>	
	<DataRequest xsi:type="LiquidCompartmentDataRequestData" Compartment="RightAlveoli"   Substance="Sarin" Name="Concentration" Unit="ug/L" Precision="4"/>	
	<DataRequest xsi:type="LiquidCompartmentDataRequestData" Compartment="RightBronchi" Substance="Sarin" Name="Concentration" Unit="ug/L" Precision="4"/>
	
  </DataRequests>
	
	<Action xsi:type="AdvanceTimeData">
		<Time value="30" unit="s"/>       
	</Action>
	<!-- Environment with sarin -->
	<Action xsi:type="EnvironmentChangeData">
		<Conditions>
			<AmbientAerosol Name="Sarin">
				<Concentration value="5" unit="mg/m^3"/>
			</AmbientAerosol>
		</Conditions>
	</Action>
	<Action xsi:type="AdvanceTimeData">
		<Time value="3" unit="min"/>       
	</Action>
	<!--Return to normal environment-->
	<Action xsi:type="EnvironmentChangeData">
		<Conditions>
			<AmbientAerosol Name="Sarin">
				<Concentration value="0.0" unit="mg/m^3"/>
			</AmbientAerosol>
		</Conditions>
	</Action>
	<Action xsi:type="AdvanceTimeData">
		<Time value="15" unit="min"/>
	</Action>
</Scenario>
