<?xml version="1.0" encoding="UTF-8"?>
<Scenario xmlns="uri:/mil/tatrc/physiology/datamodel" xmlns:xsi="http://www.w3.org/2001/XMLSchema-instance" contentVersion="BioGears_6.3.0-beta" xsi:schemaLocation="">
    <Name>MechanicalVentilation</Name>
    <Description>Mimic a patient with generic impaired alveolar exchange and apnea, then ventilated by simulating inputs as if they are from external sensors.</Description>
    <InitialParameters>
		<PatientFile>StandardMale.xml</PatientFile>
		<Condition xsi:type="ImpairedAlveolarExchangeData">
			<ImpairedFraction   value="0.6"/>
		</Condition>   
	</InitialParameters>
   
	<!-- Base system data required for all scenario verification -->
  <DataRequests>
  <DataRequest xsi:type="PatientDataRequestData"    Name="Weight"                            Unit="kg"           Precision="1"/>
  
  <DataRequest xsi:type="PhysiologyDataRequestData" Name="HeartRate"                         Unit="1/min"       Precision="2"/>
  <DataRequest xsi:type="PhysiologyDataRequestData" Name="HeartStrokeVolume"                 Unit="mL"          Precision="1"/>
  <DataRequest xsi:type="PhysiologyDataRequestData" Name="BloodVolume"                       Unit="L"          Precision="2"/>	
  <DataRequest xsi:type="PhysiologyDataRequestData" Name="ExtravascularFluidVolume"          Unit="L"          Precision="1"/>
  <DataRequest xsi:type="PhysiologyDataRequestData" Name="ArterialPressure"                  Unit="mmHg"        Precision="1"/>
  <DataRequest xsi:type="PhysiologyDataRequestData" Name="MeanArterialPressure"              Unit="mmHg"        Precision="1"/>
  <DataRequest xsi:type="PhysiologyDataRequestData" Name="SystolicArterialPressure"          Unit="mmHg"        Precision="0"/>
  <DataRequest xsi:type="PhysiologyDataRequestData" Name="DiastolicArterialPressure"         Unit="mmHg"        Precision="1"/>
  <DataRequest xsi:type="PhysiologyDataRequestData" Name="CardiacOutput"                     Unit="L/min"      Precision="2"/>
  <DataRequest xsi:type="PhysiologyDataRequestData" Name="HemoglobinContent"                 Unit="g"           Precision="0"/>
  <DataRequest xsi:type="PhysiologyDataRequestData" Name="CentralVenousPressure"             Unit="mmHg"        Precision="2"/>
  <DataRequest xsi:type="PhysiologyDataRequestData" Name="PulmonaryCapillariesWedgePressure" Unit="mmHg"        Precision="2"/>
  
  <DataRequest xsi:type="PhysiologyDataRequestData" Name="TidalVolume"                       Unit="mL"          Precision="3"/>
  <DataRequest xsi:type="PhysiologyDataRequestData" Name="TotalLungVolume"                   Unit="L"          Precision="2"/>
  <DataRequest xsi:type="PhysiologyDataRequestData" Name="RespirationRate"                   Unit="1/min"       Precision="2"/>
  <DataRequest xsi:type="PhysiologyDataRequestData" Name="OxygenSaturation"                  Unit="unitless"    Precision="3"/>
  <DataRequest xsi:type="PhysiologyDataRequestData" Name="CarbonDioxideSaturation"           Unit="unitless"    Precision="3"/>  
  <DataRequest xsi:type="PhysiologyDataRequestData" Name="EndTidalCarbonDioxideFraction"     Unit="unitless"    Precision="4"/>
  <DataRequest xsi:type="PhysiologyDataRequestData" Name="TotalAlveolarVentilation"          Unit="L/min"       Precision="2"/>  
  <DataRequest xsi:type="PhysiologyDataRequestData" Name="TranspulmonaryPressure"            Unit="cmH2O"       Precision="2"/>
  
  <DataRequest xsi:type="PhysiologyDataRequestData" Name="CoreTemperature"                   Unit="degC"        Precision="1"/>
  <DataRequest xsi:type="PhysiologyDataRequestData" Name="SkinTemperature"                   Unit="degC"        Precision="1"/>
  
  <DataRequest xsi:type="PhysiologyDataRequestData" Name="RespiratoryExchangeRatio"          Unit="unitless"    Precision="3"/>
  <DataRequest xsi:type="PhysiologyDataRequestData" Name="OxygenConsumptionRate"             Unit="mL/min"      Precision="3"/>
  <DataRequest xsi:type="PhysiologyDataRequestData" Name="CarbonDioxideProductionRate"       Unit="mL/min"      Precision="3"/>
  
  <DataRequest xsi:type="PhysiologyDataRequestData" Name="GlomerularFiltrationRate"          Unit="mL/min"      Precision="0"/> 
  <DataRequest xsi:type="PhysiologyDataRequestData" Name="RenalBloodFlow"                    Unit="L/min"      Precision="2"/>
  <DataRequest xsi:type="PhysiologyDataRequestData" Name="UrineProductionRate"               Unit="mL/min"      Precision="3"/>
  <DataRequest xsi:type="PhysiologyDataRequestData" Name="LeftAfferentArterioleResistance"   Unit="mmHg min/mL" Precision="4"/>
  <DataRequest xsi:type="PhysiologyDataRequestData" Name="RightAfferentArterioleResistance"  Unit="mmHg min/mL" Precision="4"/>
  
  <DataRequest xsi:type="GasCompartmentDataRequestData" Compartment="LeftAlveoli"                            Name="Pressure"        Unit="cmH2O" Precision="0"/>
	<DataRequest xsi:type="GasCompartmentDataRequestData" Compartment="LeftAlveoli"  Substance="Oxygen"        Name="PartialPressure" Unit="mmHg"  Precision="0"/>
	<DataRequest xsi:type="GasCompartmentDataRequestData" Compartment="LeftAlveoli"  Substance="CarbonDioxide" Name="PartialPressure" Unit="mmHg"  Precision="1"/>
	<DataRequest xsi:type="GasCompartmentDataRequestData" Compartment="RightAlveoli"                           Name="Pressure"        Unit="cmH2O" Precision="0"/>
 	<DataRequest xsi:type="GasCompartmentDataRequestData" Compartment="RightAlveoli" Substance="Oxygen"        Name="PartialPressure" Unit="mmHg"  Precision="0"/>
	<DataRequest xsi:type="GasCompartmentDataRequestData" Compartment="RightAlveoli" Substance="CarbonDioxide" Name="PartialPressure" Unit="mmHg"  Precision="1"/>
	<DataRequest xsi:type="GasCompartmentDataRequestData" Compartment="Trachea"       Substance="Oxygen"        Name="PartialPressure" Unit="cmH2O" Precision="0"/>
	<DataRequest xsi:type="GasCompartmentDataRequestData" Compartment="Trachea"       Substance="CarbonDioxide" Name="PartialPressure" Unit="cmH2O" Precision="1"/>
	
	<DataRequest xsi:type="LiquidCompartmentDataRequestData" Compartment="Aorta"     Substance="Oxygen"        Name="PartialPressure" Unit="mmHg" Precision="1"/>
	<DataRequest xsi:type="LiquidCompartmentDataRequestData" Compartment="Aorta"     Substance="CarbonDioxide" Name="PartialPressure" Unit="mmHg" Precision="1"/>
	<DataRequest xsi:type="LiquidCompartmentDataRequestData" Compartment="VenaCava"  Substance="Oxygen"        Name="PartialPressure" Unit="mmHg" Precision="1"/>
	<DataRequest xsi:type="LiquidCompartmentDataRequestData" Compartment="VenaCava"  Substance="CarbonDioxide" Name="PartialPressure" Unit="mmHg" Precision="1"/>
	
	<DataRequest xsi:type="LiquidCompartmentDataRequestData" Compartment="RightTubules" Substance="Sodium"        Name="Concentration" Unit="g/L" Precision="2"/>
	<DataRequest xsi:type="LiquidCompartmentDataRequestData" Compartment="LeftTubules"  Substance="Sodium"        Name="Concentration" Unit="g/L" Precision="2"/>
  
  <DataRequest xsi:type="SubstanceDataRequestData"  Substance="Oxygen"         Name="AlveolarTransfer" Unit="mL/s" Precision="2"/>
  <DataRequest xsi:type="SubstanceDataRequestData"  Substance="CarbonDioxide"  Name="AlveolarTransfer" Unit="mL/s" Precision="2"/>
    <DataRequest xsi:type="PhysiologyDataRequestData" Name="LiverGlycogen" Unit="g" Precision="2"/>
  <DataRequest xsi:type="PhysiologyDataRequestData" Name="MuscleGlycogen" Unit="g" Precision="2"/>
	
	<!-- Anything action specific data needed for verification of this scenario -->
	<DataRequest xsi:type="PhysiologyDataRequestData" Name="InspiratoryFlow" Unit="L/min" Precision="2"/>
	<DataRequest xsi:type="PhysiologyDataRequestData" Name="ExpiratoryFlow" Unit="L/min" Precision="2"/>
	<DataRequest xsi:type="PhysiologyDataRequestData" Name="CarricoIndex" Unit="mmHg" Precision="2"/>
	<DataRequest xsi:type="PhysiologyDataRequestData" Name="AlveolarArterialGradient" Unit="mmHg" Precision="2"/>
	<DataRequest xsi:type="PhysiologyDataRequestData" Name="CardiacIndex" Unit="L/min m^2" Precision="1"/>
	<DataRequest xsi:type="PhysiologyDataRequestData" Name="PulmonaryVascularResistance" Unit="mmHg s/mL" Precision="3"/>
	<DataRequest xsi:type="PhysiologyDataRequestData" Name="PulmonaryVascularResistanceIndex" Unit="dyn s/cm^5 m^2" Precision="3"/>	
	
  </DataRequests>
	
    <Action xsi:type="AdvanceTimeData">
        <Time value="30" unit="s"/>       
    </Action>
    <Action xsi:type="ApneaData">
        <Severity value="1.0"/>       
    </Action>
    <Action xsi:type="AdvanceTimeData">
        <Time value="30" unit="s"/>       
    </Action>
	<Action xsi:type="MechanicalVentilationData" State="On">
		<Pressure value="10.0" unit="cmH2O"/>
		<Flow value="1.0" unit="L/s"/>
		<GasFraction Name="Nitrogen">
			<FractionAmount value="0.7896"/>
		</GasFraction>
		<GasFraction Name="Oxygen">
			<FractionAmount value="0.21"/>
		</GasFraction>
		<GasFraction Name="CarbonDioxide">
			<FractionAmount value="4.0E-4"/>
		</GasFraction>		
    </Action>
	<Action xsi:type="AdvanceTimeData">
        <Time value="3" unit="s"/>       
    </Action>
	<Action xsi:type="MechanicalVentilationData" State="On">
		<Pressure value="0.0" unit="cmH2O"/>	
    </Action>
	<Action xsi:type="AdvanceTimeData">
        <Time value="3" unit="s"/>       
    </Action>
	<Action xsi:type="MechanicalVentilationData" State="On">
		<Pressure value="10.0" unit="cmH2O"/>
		<GasFraction Name="Nitrogen">
			<FractionAmount value="0.0"/>
		</GasFraction>
		<GasFraction Name="Oxygen">
			<FractionAmount value="1.0"/>
		</GasFraction>
		<GasFraction Name="CarbonDioxide">
			<FractionAmount value="0.0"/>
		</GasFraction>		
    </Action>
	<Action xsi:type="AdvanceTimeData">
        <Time value="3" unit="s"/>       
    </Action>
	<Action xsi:type="MechanicalVentilationData" State="On">
		<Pressure value="-3.0" unit="cmH2O"/>	
    </Action>
	<Action xsi:type="AdvanceTimeData">
        <Time value="3" unit="s"/>       
    </Action>
	<Action xsi:type="MechanicalVentilationData" State="Off"> </Action>
    <Action xsi:type="AdvanceTimeData">
        <Time value="3" unit="s"/>       
    </Action>
</Scenario>